SKU#,Description,Local Description,Unit,Qty From,QtyTo,Quote Price,Foc,Discount Percent,Discount Amount,TaxType,TaxRate,Vendor SKU#,Comment,,,,
'15090023,SALT SACKED SAVEPAK 1KG.(818661),เกลือทะเลแท้ 100% (ชนิดเม็ด)ตราเซพแพ็ค 1 กก.(818661),BAG,,,11.50,,,,I,7,,,,,,
'15090009,SALT PHUNG TIP 1KG.(1x24)/(106971),เกลือปรุงทิพย์ 1 กก.(1x24)/(106971),KG,,,14.75,,,,I,7,,,,,,
'15080002,BAKING SODA MCGARRETT 300G.(184247),เบคกิ้งโซดา แม็กกาแรต 300ก.(184247),BAG,,,29.50,,,,I,7,,,,,,
'12010172,ยอดคะน้า 300ก.(830435),ยอดคะน้า 300ก.(830435),Pack,,,26.25,,,,N,0,,,,,,
'15010174,เมล็ดมัสตาร์ดดำ 200 ก. (175476),เมล็ดมัสตาร์ดดำ 200ก.(175476),BAG,,,31.50,,,,N,0,,,,,,
'15010059,YELLOW MUSTARD SEEDS 200G.(175477),เมล็ดมัสตาร์ดเหลือง 200ก.(175477),BAG,,,33.50,,,,N,0,,,,,,
'15010050,RICE ROASTED RAITIP 500G. (221067),ข้าวคั่วไร่ทิพย์ 500ก.(221067),BAG,,,33.50,,,,I,7,,,,,,
'15160001,CANDY MIX FRUIT MENTOS (1x100) (916084),ลูกอมผลไม้รวม เมนทอส(1x100)/(916084),BAG,,,33.50,,,,I,7,,,,,,
'15160003,SOFT CANDY FRUIT MENTOS(1x100)/(916084),ลูกอมรสผลไม้ เมนทอส(1x100)/(916084),BAG,,,33.50,,,,I,7,,,,,,
'15050004,FLOUR TAPIOCA JADE LEAF 1 KG.(170111),แป้งมันสำปะหลัง ใบหยก 1 กก.(170111),KG,,,38.75,,,,I,7,,,,,,
'15010024,FERMENTED FISH SAUCE TUM-MUA 350ML.(841206),น้ำปลาร้าปรุงรสตราตำมั่ว 500มล.(841206),BTL,,,34.75,,,,I,7,,,,,,
'15130069,ชุดบักกุ๊ดเต๋ 55 กรัม(151987),ชุดบักกุ๊ดเต๋ 55 กรัม(151987),BAG,,,35.75,,,,N,0,,,,,,
'15050026,แป้งกวนไส้ ตราดาว 500 กรัม. (847900),แป้งกวนไส้ ตราดาว 500ก.(847900),BAG,,,36.75,,,,I,7,,,,,,
'15130089,ROSEMARY DRIED 50G.(175495),โรสแมรี่อบแห้ง 50ก.(175495),Pack,,,36.75,,,,N,0,,,,,,
'15020001,DRY JUJUB 250G.(152716),พุทราแห้ง 250ก.(152716),BAG,,,36.75,,,,N,0,,,,,,
'15050003,FLOUR RICE ERAWAN 1KG.(183877),แป้งข้าวเจ้า ช้างสามเศียร 1 กก.(183877),KG,,,37.75,,,,I,7,,,,,,
'15010032,KIDNEY BEANS 500G.(830331),ถั่วแดงหลวง 500ก.(830331),BAG,,,37.75,,,,N,0,,,,,,
'15160002,CANDY STRAWBERRY FLAVOR HEARTBEAT (1x100) (139464),ลูกอมกลิ่นสตรอว์เบอร์รี ฮาร์ทบีท(1x100)/(139464),BAG,,,37.75,,,,I,7,,,,,,
'15160004,SOFT CANDY MILK COUGAR(1x100)/(256958),ลูกอมรสนม คูก้า(1x100)/(256958),BAG,,,38.75,,,,I,7,,,,,,
'15160005,YOGHURT CANDY COUGAR(1x100)/(198363),ลูกอมรสนมเปรี้ยวโยเกิร์ต คูก้า(1x100)/(198363),BAG,,,38.75,,,,I,7,,,,,,
'14040001,PLAN YOGHURT DUTCHIE 90G.(1x4)/(845279),โยเกิร์ตรสธรรมชาติดัชมิลล์ 90ก.(1x4)/(845279),PACK,,,41.00,,,,I,7,,,,,,
'12000027,PINEAPPLE SRIRACHA (120101),สับปะรดศรีราชา/ปัตตาเวีย (120101),KG,,,41.00,,,,N,0,,,,,,
'15090010,น้ำเชื่อมเข้มข้น ยี่ห้อมิตรผล 800ก.1*3/(231001),น้ำเชื่อมเข้มข้น ยี่ห้อมิตรผล 800ก.1*3/(231001),BAG,,,44.00,,,,I,7,,,,,,
'15090063,SUGAR ICING 800G.M BAKEHOUSE(184755),น้ำตาลไอซ์ซิ่ง 800ก.ตราเอ็มเบคเฮ้าส์(184755),BAG,,,42.00,,,,I,7,,,,,,
'15050027,แป้งข้าวโพด ตราซุปเปอร์ไฟน์ 1 กก.(147447),แป้งข้าวโพด ตราซุปเปอร์ไฟน์ 1 กก.(147447),KG,,,44.00,,,,I,7,,,,,,
'15090062,SUGAR ICING 900G.MITRPHOL(233461),น้ำตาลไอซ์ซิ่ง 900ก.ตรามิตรผล(233461),BAG,,,44.00,,,,I,7,,,,,,
'15090018,SUGAR ICING 900G.LIN(202995),น้ำตาลไอซ์ซิ่ง 900ก.ตราลิน(202995),BAG,,,44.00,,,,I,7,,,,,,
16010040,แผ่นเกี๊ยว 500ก.ยี่ห้อห้ามังกร(101702),แผ่นเกี๊ยว 500ก.ยี่ห้อห้ามังกร(101702),Pack,,,47.25,,,,I,7,,,,,,
'15140016,WHITH GLUTINOUS RICE RAITIP 1 KG. (223239),ข้าวเหนียว ไร่ทิพย์ 1 กก.(223239),KG,,,47.25,,,,N,0,,,,,,
'15140010,ข้าวเหนียวดิบเขี้ยวงูไร่ทิพย์ 1กก.(223239),ข้าวเหนียวดิบเขี้ยวงู ไร่ทิพย์ 1กก.(223239),KG,,,47.25,,,,N,0,,,,,,
11000038,ปลาทูนึ่งทั้งตัวขนาด(10-12 ตัว/กก.)3 ตัว/แพ็ค ตราวรา(174471),ปลาทูนึ่งทั้งตัวขนาด(10-12 ตัว/กก.)3 ตัว/แพ็ค ตราวรา(174471),Pack,,,47.25,,,,I,7,,,,,,
'15080060,SANDWICH COOKIES OREO 137G.(1x2)/(120274),คุกกี้ช็อกโกแลตครีมโอรีโอ้ 137ก.(1x2)/(120274),PACK,,,48.25,,,,I,7,,,,,,
'15050029,แป้งทอดกรอบ ยี่ห้อยูเอฟเอ็ม 1กก.(161927),แป้งทอดกรอบ ยี่ห้อยูเอฟเอ็ม 1กก.(161927),BAG,,,49.25,,,,I,7,,,,,,
'14030006,FILLING BLUEBERRY BESTFOOD 900G.(1x9)/(183452),ฟิลลิ่งบลูเบอรี่เบสท์ฟู๊ดส์ 900ก.(1x9)/(183452),BAG,,,49.25,,,,I,7,,,,,,
'14030008,FILLING STRAWBERRY BESTFOOD 900G. (1x9)/(183443),ฟิลลิ่งสตรอเบอร์รี่เบสท์ฟู้ด 900ก.(1x9)(183443),BAG,,,49.25,,,,I,7,,,,,,
'14030007,FILLING ORANGE BESTFOOD 900G. (1*9)/(195761),ฟิลลิ่งส้มเบสท์ฟู๊ดส์ 900ก.(1*9)(195761),BAG,,,49.25,,,,I,7,,,,,,
'15080066,SNACK-WHITE WAFER BENG BENG  22/25G.(1x12)(808303),ขนมขบเคี้ยว-ไวท์ช็อกโกแลตเวเฟอร์เบงเบง 22/25ก.(1x12)(808303),PACK,,,50.50,,,,I,7,,,,,,
'15080003,SNACK-CHOCOLATE WEFER BENG-BENG 22/25G.(1x12)/(226132),ขนมขบเคี้ยว-ช็อคโกแลตเวเฟอร์เบงเบง 22/25ก.(1x12)/(226132),PACK,,,50.50,,,,I,7,,,,,,
'15080035,SNACK-COOKIES SANWICH OREO 28.5/27.6ก. (1x12)(197584),ขนมตกแต่ง-คุกกี้ช็อกวนิลาโอริโอ 28.5/27.6ก. (1x12)(197584),PACK,,,50.50,,,,I,7,,,,,,
'15010172,YELLOW BEAN HALF RAI THIP 1KG.(223313),ถั่วเหลืองซีกไร่ทิพย์ 1 กก.(223313),BAG,,,50.50,,,,N,0,,,,,,
12010117,ALFALFA SPROUTS 50G.(160542),ต้นอ่อนอัลฟาฟ่า 50ก.(160542),PACK,,,51.50,,,,N,0,,,,,,
'15080059,SALTED PEANUTS KOH-KAE 20G.(1x12)/(129446),ถั่วลิสงอบเกลือโก๋แก่ 20ก.(1x12)/(129446),PACK,,,51.50,,,,I,7,,,,,,
'20010010,WATER DRINKING  BTL 330ML.1x12/(834640),น้ำดื่มเพียวไลท์ เนสเล่ 330 มล.1x12/(834640),PACK,,,51.50,,,,I,7,,,,,,
'12000067,TONGDEE POMELO 1 PCS. 120244,ส้มโอทองดี 1 ลูก.(120244),PCS,,,51.50,,,,N,0,,,,,,
'15080036,SNACK-CRACKER CHOCOLATE BALL TIVOLI 18G.(1x12)/(148765),ขนมขบเคี้ยว-แคร็กเกอร์ช็อกโกแลตทิวลี่บอล 18ก.(1x12)/(148765),PACK,,,47.25,,,,I,7,,,,,,
'14000015,MILK CHOCOLATE FLAVOURED MEIJI 830ML.(298142),นมพาสเจอร์ไรซ์รสช็อกโกแลตเมจิ 830 มล. (298142),BTL,,,52.25,,,,N,0,,,,,,
'15050030,แป้งมันฮ่องกง 400ก.ตราใบหยก(173147),แป้งมันฮ่องกง 400ก.ตราใบหยก(173147),BAG,,,52.50,,,,I,7,,,,,,
'15010029,GREEN MOONG DAL ALPINE 500 G. (106344),ถั่วเขียวอัลไพน์ 500ก.(106344),BAG,,,57.75,,,,N,0,,,,,,
'15010058,YELLOW MOONG DAL ALPINE 500G.(106342),ถั่วเหลืองอัลไพน์ 500ก.(106342),BAG,,,57.75,,,,N,0,,,,,,
'15010017,CHANA DAL ALPINE 500G.(106375),ถั่วลูกไก่ผ่าซีก(เหลือง)ยี่ห้ออัลไพน์ 500ก.(106375),BAG,,,57.75,,,,N,0,,,,,,
'15080004,CUSTARD CAKE EURO 17G.(1x12)/(140478),ขนมคัสตาร์ดเค้ก ยูโร่ 17ก.(1x12)/(140478),PACK,,,53.50,,,,I,7,,,,,,
15080007,SNACK ORIGINAL ROCK LAYS 11/13ก. (1x12/PACK)(166685),มันฝรั่งแผ่นหยักเกลือเหลือง เลย์ 11/13ก.(1x12)/(166685),Pack,,,53.50,,,,I,7,,,,,,
'15080006,SNACK ORIGINAL ROCK LAYS 13 G. (1x12)/(166537),มันฝรั่งแผ่นหยักเกลือเหลือง เลย์ 13ก.(1x12)/(166537),PACK,,,53.50,,,,I,7,,,,,,
'15080037,SNACK-CRACKER MILK OK 30 G. (1x12) (143269),ขนมขบเคี้ยว-ขนมปังกรอบรสนมโอเค 30ก.(1x12)/(143269),PACK,,,54.50,,,,I,7,,,,,,
'15080095,ขนมปังกรอบแผ่นบาง รสนม 30ก.1*12/แพ็ค ตราโอเค(143269),ขนมปังกรอบแผ่นบาง รสนม 30ก.1*12/แพ็ค ตราโอเค(143269),Pack,,,54.50,,,,I,7,,,,,,
'15010043,PEANUT GROUND RAITIP 500G.(829924),ถั่วลิสงป่นไร่ทิพย์ 500ก.(829924),BAG,,,54.50,,,,I,7,,,,,,
15010242,ถั่วลิสงคั่วซีก(ไทย) ตราไร่ทิพย์ 500ก.(829926),ถั่วลิสงคั่วซีก(ไทย) ตราไร่ทิพย์ 500ก.(829926),BAG,,,54.50,,,,I,7,,,,,,
'15120035,CHILLI SAUCE SRIRACHA 900G.(237969),ซอสพริก ศรีราชา 900ก.(237969),BAG,,,55.75,,,,I,7,,,,,,
'14000017,MILK NO SUGAR ADDED TOFUSAN 830ML.(202206),น้ำนมถั่วเหลืองรสจืดโทฟุซัง 830มล.(202206),BTL,,,55.75,,,,I,7,,,,,,
'14000019,MILK SOY LOW SUGAR TOFU SAN 830ML.(202231),น้ำนมถั่วเหลืองรสหวานน้อยโทฟุซัง 830มล.(202231),BTL,,,55.75,,,,I,7,,,,,,
'15130074,ผงปรุงรสไก่ 400ก.ตรารสดี(106250),ผงปรุงรสไก่ 400ก.ตรารสดี(106250),BAG,,,64.00,,,,I,7,,,,,,
'15080022,SNACK-CAKE PANDAN FERSHAY RICH 15 G.(1x24)(859711),ขนมเค้กกลิ่นใบเตย เฟอร์เชย์ 15 ก.(1x24)/(859711),PACK,,,57.75,,,,I,7,,,,,,
'15080023,SNACK-CAKE STRAWBERRY FERSHAY RICH 15 G.(1x24)(862180),ขนมเค้กกลิ่นสตรอเบอร์รี เฟอร์เชย์ 15ก.(1x24)/(862180),PACK,,,57.75,,,,I,7,,,,,,
'15010093,BLACK DAL ALPINE 500G.(106371),ถั่วดำอินเดียอัลไพน์ 500ก.(106371),BAG,,,57.75,,,,N,0,,,,,,
15010229,ถั่วลิสงดิบมีเปลือก 500ก.ตราเอโร่ (830330),ถั่วลิสงดิบมีเปลือก 500ก.ตราเอโร่ (830330),BAG,,,57.75,,,,N,0,,,,,,
'15090024,SUGAR BROWN BAKERY MITRPHOL 1KG.(827160),น้ำตาลทรายแดงสำหรับเบเกอรี มิตรผล 1 ก. (827160),KG,,,57.75,,,,I,7,,,,,,
'15010215,ปลาช่อนทะเลแห้ง(ปลาไล้กอแห้ง) 110ก.ตราธนา(220082),ปลาช่อนทะเลแห้ง(ปลาไล้กอแห้ง) 110ก.ตราธนา(220082),Pack,,,57.75,,,,I,7,,,,,,
'12000021,MANGO YELLOW (2-3 ลูก/กก.) (189501),มะม่วงน้ำดอกไม้สุก(2-3 ลูก/กก.)/(189501),KG,,,72.50,,,,N,0,,,,,,
15010235,ถั่วขาว 500ก.(847170),ถั่วขาว 500ก.(847170),Pack,,,57.75,,,,N,0,,,,,,
'15080008,SNACK PEANUT SALTED TONG GARDEN 18/20 G.(1x12)(213330),ถั่วลิสงอบเกลือ ทองการ์เด้น 18/20ก.(1x12)/(213330),PACK,,,58.75,,,,I,7,,,,,,
'20010007,WATER ARO 350 ML.1x18/(200553),น้ำดื่ม เอโร่ 350มล.(1x18)/(200553),PACK,,,59.75,,,,I,7,,,,,,
'15060029,MEAT MASALA MDH 100 G.(102561),MASALA MEAT MASAL MDH 100G. (102561),BOX,,,65.00,,,,I,7,,,,,,
'15050008,แป้งทอดกรอบ ยี่ห้อคนอร์ 500ก.1*6/ลัง(121579),แป้งทอดกรอบ ยี่ห้อคนอร์ 500ก.1*6/ลัง(121579),BAG,,,61.00,,,,I,7,,,,,,
'14040004,PLAIN YOGURT DUTCHIE 135G.(1x4)/(175058),โยเกิร์ตรสธรรมชาติดัชชี่ 135ก.(1x4)/(175058),PACK,,,61.00,,,,I,7,,,,,,
'15060001,MASALA POWDER KITCHEN KING MDH 100G.(157074),มาซาลาผง-ไก่เอ็มดีเอช 100ก.(157074),BAG,,,65.00,,,,I,7,,,,,,
'16010043,"FROZEN ROLL PASTRY SPRING HOME 5"" (1x50)/(37414)","แผ่นปอเปี๊ยะแช่แข็ง สปริงโฮม 5""(1x50)/(37414)",BAG,,,62.00,,,,I,7,,,,,,
'15080021,SNACK-CAKE PANDAN ELLSE 15 G. (1x24) (126821),ขนมเค้กกลิ่นใบเตย เอลเซ่ 15ก.(1x24)/(126821),PACK,,,62.00,,,,I,7,,,,,,
'15080020,SNACK-CAKE MILK TEA ELLSE 15 G. (1x24) (840694),ขนมเค้กกลิ่นชานม เอลเซ่ 15 ก.(1x24)/(840694),PACK,,,62.00,,,,I,7,,,,,,
'15080017,CAKE RASPBERRY ELLSE 15G.(1x24)/(161410),ขนมเค้กกลิ่นราสเบอรี่ เอลเซ่ 15ก.(1x24)/(161410),PACK,,,62.00,,,,I,7,,,,,,
'15010021,CHICK PEA  500G.(862283),ถั่วลูกไก่ขาว 500ก.(862283),BAG,,,62.00,,,,N,0,,,,,,
'12000051,KEOW SAVOY MANGO 1KG. (790998),มะม่วงเขียวเสวย 1 กก.(790998),KG,,,72.50,,,,N,0,,,,,,
'15060007,MASALA BOMBAY BIRYANI MDH 100G.(156882),มาซาลาผง-BOMBAY BIRYANI MDH 100G.(156882),BOX,,,66.25,,,,I,7,,,,,,
'15130013,MASALA KITCHEN KING MDH 100G.(159450),มาซาลาผง-KITCHEN KING MDH 100G.(159450),BOX,,,66.25,,,,I,7,,,,,,
'15080096,ขนมแครกเกอร์รสดั้งเดิม 300ก.ตราริทซ์(120313),ขนมแครกเกอร์รสดั้งเดิม 300ก.ตราริทซ์(120313),Box,,,63.00,,,,I,7,,,,,,
'14000004,MILK PLAIN FLAVOURED OHAYO SOY 1L.(143286),นมถั่วเหลืองรสจืดโอฮาโย 1ลิตร(143286),BTL,,,63.00,,,,I,7,,,,,,
'15060023,MASALA CHUNKY CHAT MDH 100G.(156959),มาซาลาผง-CHUNKY CHAT MDH 100G.(156959),BOX,,,66.25,,,,I,7,,,,,,
'15010144,PEA DAL CHICK KABULI ALPINE 500G.(106379),ถั่วลูกไก่อินเดียอัพไพน์ 500ก.(106379),BAG,,,75.50,,,,N,0,,,,,,
'15010213,สาคูเม็ดเล็กสีขาว 500ก.ตราปลาไทย1*2/แพ็ค(845342),สาคูเม็ดเล็กสีขาว 500ก.ตราปลาไทย1*2/แพ็ค(845342),Pack,,,66.25,,,,I,7,,,,,,
'12000064,STRABERRY FRESH 250G.(169955),สตรอเบอร์รีสดนำเข้า 250ก.(169955),PACK,,,240.50,,,,N,0,,,,,,
'15010041,PAPAD LIJJAT 200G.(157371),แผ่นแป้งปาปาดัมลิจัท 200ก.(157371),BAG,,,68.25,,,,I,7,,,,,,
'17020005,FROZEN BROILER CHICKEN (0.5-0.6 G)/WHOLE.(837307),ไก่กระทง แช่แข็ง (0.5-0.6 กก.)/ตัว.(837307),KG,,,68.25,,,,N,0,,,,,,
12010178,เห็ดแชมปิญองขาว 250ก.(162252),เห็ดแชมปิญองขาว 250ก.(162252),Pack,,,68.25,,,,N,0,,,,,,
'15060028,MDH GARAM MASALA 100G.(159507),MASALA GARAM MDH 100G.(159507),BOX,,,75.50,,,,I,7,,,,,,
'15010064,เมล็ดยี่หร่า 300ก.(166082),เมล็ดยี่หร่า 300ก.(166082),BAG,,,70.25,,,,N,0,,,,,,
'15130034,BAY LEAVES  HAND BRAND No.1 (50G.)/(106729),ใบเบย์ ตรามือที่ 1 (50ก.)/(106729),BAG,,,70.25,,,,N,0,,,,,,
'15130067,ใบเบย์ลีฟ 50ก.ตรามือ(106729),ใบเบย์ลีฟ 50ก.ตรามือ(106729),BTL,,,70.25,,,,N,0,,,,,,
'15060025,GARAM MASALA MDH 100G.(159507),มาซาลาผง-การัมเอ็มดีเฮช 100ก.(159507),BOX,,,75.50,,,,I,7,,,,,,
'15010056,TUR DAL ALPINE 500G. (106334),ถั่วเหลืองผ่าซีกอัลไพน์ 500ก.(106334),BAG,,,71.50,,,,N,0,,,,,,
'12000044,CANTALOUP MELON GREEN (160623),แคนตาลูปเมลอนเขียว(160623),KG,,,70.25,,,,N,0,,,,,,
'15130062,ROSEMARY El AVION 100G.(184444),ใบโรสแมรี่ เอลเอวิออน 100ก.(184444),BAG,,,72.50,,,,N,0,,,,,,
'15130068,ขิงผง 100ก.(895407),ขิงผง 100ก.(895407),BAG,,,72.50,,,,N,0,,,,,,
'12010154,SUNFLOWER SPROUTS 500 G. (208299),ต้นอ่อนทานตะวัน 500ก.(208299),KG,,,72.50,,,,N,0,,,,,,
'17060003,FROZEN MIXED VEGETABLE DX 103(125186),ผักรวมแช่แข็ง DX103(125186),KG,,,72.50,,,,N,0,,,,,,
'15050001,FLOUR CORN KNORR 700G.(15002),แป้งข้าวโพด คนอร์ 700ก.(15002),BAG,,,73.50,,,,I,7,,,,,,
15120063,กะทิอบควันเทียน อร่อยดี 1 ล. (860117),กะทิอบควันเทียน อร่อยดี 1ล.(860117),BOX,,,73.50,,,,I,7,,,,,,
'15000020,GREEN TEA NUMBER ONE 200G.(155848),ชาเขียวนมสีเขียวตรามือ 200ก.(155848),BAG,,,73.50,,,,I,7,,,,,,
'15000028,TEA POWDER LOCAL 400 G. (155655),ชาตรามือฉลากแดง 400ก.(155655),BAG,,,73.50,,,,I,7,,,,,,
'15030006,PASTA-FUSILLI LA MOLISANA 28 500 G. (178174),พาสต้า-ฟูซิลี่ลาโมลิซาน่า#28 500ก.(178174),BAG,,,73.50,,,,I,7,,,,,,
'15030002,PASTA-SPAGHETTI AGNESI NO.02 500G.(142242),พาสต้า-เส้นสปาเก็ตตี้ #2 แอคเนซี่ 500ก.(142242),BAG,,,67.25,,,,I,7,,,,,,
'15130054,MDH DEGGI MIRCH 100G.(102558),DEGGI MIRCH MDH  100G.(102558),BOX,,,80.75,,,,I,7,,,,,,
'15010042,PEA NUT BEAN ROW 1KG.(235287),ถั่วลิสงดิบเม็ด 1 กก.(235287),KG,,,75.50,,,,N,0,,,,,,
'15130030,DEGGI MIRCH  MDH 100G.(102558),พริกบดอินเดีย เอ็มดีเอช 100ก.(102558),BOX,,,80.75,,,,I,7,,,,,,
'26010084,JUICE CONCENTRATED-PASSION SQUASH DING FONG 760 ML.(210515),น้ำผลไม้เข้มข้น-เสาวรสสควอช ตราติ่งฟง 760 มล.(210515),Btl,,,76.75,,,,I,7,,,,,,
'26010083,JUICE CONCENTRATED-MANGO SQUASH DING FONG 760 ML.,น้ำผลไม้เข้มข้น-มะม่วงสควอช ตราติ่งฟง 760 มล.(823948),Btl,,,76.75,,,,I,7,,,,,,
'26010070,JUICE CONCENTRATED-LYCHEES SQUASH DING FONG 760 ML.,น้ำผลไม้เข้มข้น-ลิ้นจี่สควอช ตราติ่งฟง 760 มล.(210416),Btl,,,76.75,,,,I,7,,,,,,
'26010085,JUICE CONCENTRATED-PINEAPPLE SQUASH DING FONG 760 ML.(210516),น้ำผลไม้เข้มข้น-สับปะรดสควอช ตราติ่งฟง 760 มล.(210516),Btl,,,76.75,,,,I,7,,,,,,
'15040001,BEAN VERMICHILI 500G. (742222),วุ้นเส้นตราต้นไผ่ 500ก.(742222),BAG,,,76.75,,,,I,7,,,,,,
26010094,JUICE CONCENTRATE-STRAWBERRY SQUASH DING FONG 760ML.(210439),น้ำผลไม้เข้มข้น-สตรอเบอรี่สควอชติ่งฟง 760มล.(210439),Btl,,,76.75,,,,I,7,,,,,,
'14060010,ไข่นกกระทาต้มสุก 1*50/แพ็ค ตราเอโร่(823268),ไข่นกกระทาต้มสุก 1*50/แพ็ค ตราเอโร่(823268),Pack,,,78.75,,,,I,7,,,,,,
'15070018,CEREAL OATS CEREAL ARO 1 KG. (229666),ซีเรียล-ข้าวโอ๊ตเอโร่ 1 กก.(229666),KG,,,78.75,,,,I,7,,,,,,
'17060002,FROZEN GREEN PEAS 1KG.(134972),ถั่วลันเตาแช่แข็ง 1 กก.(134972),KG,,,78.75,,,,N,0,,,,,,
'17080026,หอยลายทั้งตัวแช่แข็ง 140-160 ตัว/กก.(821388),หอยลายทั้งตัวแช่แข็ง 140-160 ตัว 1 กก. (821388),KG,,,78.75,,,,N,0,,,,,,
'15030001,PASTA-PENNE RIGATE AGNESI NO.19 500G.(142246),พาสต้า-เพนเน่ริกาเต้แอคเนซี่ NO.19 500ก.(142246),BAG,,,67.25,,,,I,7,,,,,,
'15030004,PASTA-CHIFFERINI AGNESI 500G.(142247),พาสต้า-ชิฟเฟอรินี #38 แอคเนซี่ 500ก.(142247),BAG,,,67.25,,,,I,7,,,,,,
'15030003,PASTA-CHIFFERI RIGATI AGNESI 500G.(756093),พาสต้า-ซิฟฟารีรีกาติแอคเนซี 500ก.(756093),BAG,,,67.25,,,,I,7,,,,,,
'15030005,PASTA-FARFALE AGNESI NO.61 500G.(756054),พาสต้า-ฟาร์ฟาเลย์ #61 /500ก.ยี่ห้อแอคนีซี(756054),BAG,,,67.25,,,,I,7,,,,,,
15010238,PITTED GREEN OLIVES 333G.CRESPO(142431),มะกอกเขียวไม่มีเมล็ดในน้ำเกลือ 333ก.ตราคริสโป(142431),Btl,,,79.75,,,,I,7,,,,,,
26010075,TOMATO JUICE DOI KHAM 1L.(212782),น้ำมะเขือเทศ ตราดอยคำ 1 ลิตร(212782),Box,,,79.75,,,,I,7,,,,,,
'14000025,MILK PLAIN LACTOSE FREE MAGNOLIA 946 ML.(846008),นมรสจืดฟรีแลคโตส ยี่ห้อแมกโนเลีย 946มล.(846008),Box,,,80.25,,,,I,7,,,,,,
'14010018,MARGARINE SAMSON 1KG.(149505),มาการีน-เเซมซั่น 1 กก.(149505),BAG,,,80.75,,,,I,7,,,,,,
'15130040,CUMIN POWDER 200G. (174122),ยี่หร่าป่น 200 ก.(174122),BAG,,,80.75,,,,N,0,,,,,,
'15130018,PEACOCK KASOORI METHI MDH 100G.(106240),ใบเมทิใบลูกซัดอบแห้ง ยี่ห้อเอ็มดีเอช 100ก.(106240),PACK,,,89.25,,,,N,0,,,,,,
'17060001,SPINACH BALL  1KG. (110002),ผักโขมกลมแช่แข็ง 1 กก.(110002),KG,,,83.00,,,,N,0,,,,,,
'15030013,PASTA-ELICHE TRICOLOR AGNESI NO.656 500G./BAG(609453),พาสต้า-เอลิเกไตรคัลเลอร์#656 ยี่ห้อแอคนีซี 500ก./ถุง(609453),BAG,,,67.25,,,,I,7,,,,,,
'12000020,MANGO NAM DOK MAI YELLOE 1KG.(1x3)/(828271),มะม่วงน้ำดอกไม้สุกกล่อง 1 กก.(1x3)/(828271),KG,,,93.50,,,,N,0,,,,,,
'14010004,MARGARINE ZEST GOLD 1 KG.(830402),มาการีนเซสท์โกลด์ 1 กก.(830402),BAG,,,83.00,,,,I,7,,,,,,
'15050025,FLOUR WHOLE WHEAT IMPERIAL 1KG.(156559),แป้งสาลีโฮลวีทแบบหยาบ อิมพิเรียล 1 กก.(156559),BAG,,,84.00,,,,I,7,,,,,,
'15120032,BLACK SOYA SAUCE NO.5 940CC.(1x3)/(147395),ซีอิ๋วดำ#5เด็กสมบูรณ์ 940มล.(1x3)/(147395),PACK,,,84.00,,,,I,7,,,,,,
'15010218,ถั่วแดงอะซึกิญี่ปุ่นกวน 500ก.ตราอะซึกิ(237005),ถั่วแดงอะซึกิญี่ปุ่นกวน 500ก.ตราอะซึกิ(237005),BAG,,,84.00,,,,I,7,,,,,,
'15040005,NOODLE BLOCK FF (1x21)/(199236),บะหมี่ชนิดก้อน ตราเอฟเอฟ 1*21ก้อน(199236),PACK,,,84.00,,,,I,7,,,,,,
'20000014,ORANGE FANTA CAN 325ML.(1x6)/(163773),น้ำส้มแฟนต้า(กระป๋อง)325มล.(1x6)/(163773),Tray,,,85.00,,,,I,7,,,,,,
'15130075,ผงปรุงรส รสเห็ดหอม 800ก.ตราฟ้าไทย(214796),ผงปรุงรส รสเห็ดหอม 800ก.ตราฟ้าไทย(214796),BAG,,,90.25,,,,I,7,,,,,,
'12010160,YOUNG KALE(80561),ยอดคะน้า (80561),KG,,,62.00,,,,N,0,,,,,,
17020002,FROZEN BROILER CHICKEN 600-800G./WHOLE(899743),ไก่กระทงแช่แข็ง 600-800ก./ตัว(899743),PCS,,,88.25,,,,N,0,,,,,,
'15120037,VINEGAR WHITE DISTILLED 5L.(117817),น้ำส้มสายชูภูเขาทอง 5 ลิตร(117817),GAL,,,88.25,,,,I,7,,,,,,
'15080001,BAKING SODA MCGARRETT 1KG.(830864),เบคกิ้งโซดา แม็กกาแรต 1 กก.(830864),BAG,,,89.25,,,,I,7,,,,,,
'15130010,CORIANDER SEED 1KG.(165856),เม็ดผักชี 1 กก.(165856),KG,,,89.25,,,,N,0,,,,,,
'15010197,GINKGO IN SYRUP JINGJAI 500G.(225112),แปะก๊วยในน้ำเชื่อม ยี่ห้อจริงใจ 500ก.(225112),BAG,,,89.25,,,,I,7,,,,,,
'15010104,CORN CHIP ORIGINAL EL CHARRO GLUTEN FREE(200G./PACK)/183998,แผ่นข้าวโพดอบกรอบ(รสดั้งเดิม) 200ก.ยี่้ห้อเอล ชาร์โร(183998),PACK,,,104.00,,,,I,0,,,,,,
'10050056,ไส้กรอกแดง ยี่ห้อแหลมทอง 1 กก.(894581),ไส้กรอกแดง ยี่ห้อแหลมทอง 1 กก.(894581),BAG,,,89.25,,,,I,7,,,,,,
'20000011,ESPRESSO BIRDY 180ML.(1*6)/PACK(151318),กาแฟเอสเปรสโซ เบอร์ดี้ 180 มล.(1*6)/(151318),PACK,,,89.25,,,,I,7,,,,,,
'15130004,CHICKEN BROTH  KNORR AROY SURE 800 G 1*10 (844335),ผงปรุงรสไก่ คนอร์อร่อยชัวร์ 800ก.1*10/(844335),BAG,,,89.25,,,,I,7,,,,,,
'15130028,LEMON POWDER 400G.(201908),ผงมะนาว คนอร์ 400ก.(201908),BAG,,,83.00,,,,I,7,,,,,,
'15080018,BUSH COLOR ORANGE RED # IH7802 (852350),ผงสีผสมอาหารสีส้มแดงบุช 100ก.(852350),Can,,,89.25,,,,I,7,,,,,,
'17080007,หอยลายทั้งตัวแช่แข็ง 100-120 ตัว 1 กก.(821386),หอยลายทั้งตัวแช่แข็ง 100-120 ตัว 1 กก.(821386),KG,,,89.25,,,,N,0,,,,,,
'15010094,BROAD BEAN SALTED TONG GARDEN 500G.(120516),ถั่วปากอ้าอบเกลือทองการ์เด้น 500ก.(120516),BAG,,,90.25,,,,I,7,,,,,,
'15030007,PASTA-FUSILLI TRICOLOR LA MOLISANA 309 500G.(194820),พาสต้า-ฟูซิลี่ตริคัลเลอร์ลาโมลิซาน่า#309 500ก.(194820),BAG,,,91.25,,,,I,7,,,,,,
15130092,ผงปรุงรสบาร์บีคิว 500ก.ตราเอโร่(860988),ผงปรุงรสบาร์บีคิว 500ก.ตราเอโร่(860988),BAG,,,93.50,,,,I,7,,,,,,
15130093,ผงปรุงรสชีส 500ก.ตราเอโร่(849820),ผงปรุงรสชีส 500ก.ตราเอโร่(849820),BAG,,,93.50,,,,I,7,,,,,,
'15010072,FRIED GARLIC 0.5KG.(121730),กระเทียมเจียว 0.5 กก.ยี่ห้อ คุณชาย(121730),BAG,,,92.50,,,,I,7,,,,,,
'14010006,MUSTARD ARO 1 KG. (140500),มัสตาร์ดเอโร่ 1 กก.(140500),BAG,,,92.50,,,,I,7,,,,,,
'16010003,"FROZEN SPRING ROLL SHEET 6""(1x50PCS)(128502)","แผ่นปอเปี๊ยะแช่แข็ง สปริงโฮม 6""(1x50ชิ้น)/(128502)",BAG,,,93.50,,,,I,7,,,,,,
'12010087,กระเทียมจีนหัว(829336),กระเทียมจีนหัว(829336),KG,,,93.50,,,,N,0,,,,,,
'15080026,SNACK-CHOCOLATE MILK BON O BON 14G.(1x24) (821468),ขนมตกแต่ง-ช็อกโกแลตสอดไส้นมบอนโอบอน 14ก.(1x24) (821468),PACK,,,100.75,,,,I,7,,,,,,
'17070004,FROZEN SWEET CORN KERNEL ARO 1KG.(851335),ข้าวโพดแช่แข็ง เอโร่ 1 กก.(851335),KG,,,93.50,,,,N,0,,,,,,
'26000001,JUICE ORANGE MALEE  200 ML.(1x24)/(106047),น้ำผลไม้-ส้มเขียวหวานมาลี 200มล.(1x24)/(106047),Pack,,,93.50,,,,I,7,,,,,,
'12000005,BLUEBERRY FRESH 125G.(103133),บลูเบอรี่สด 125ก.(103133),PACK,,,93.50,,,,N,0,,,,,,
'12000077,องุ่นแดงไร้เมล็ดอินเดีย 1 กก.(39663),องุ่นแดงไร้เมล็ดอินเดีย 1 กก.(39663),KG,,,93.50,,,,N,0,,,,,,
12010176,BUNCHING ONION,ต้นหอมญี่ปุ่นใบกลม(131482),Kg,,,99.75,,,,N,0,,,,,,
'15000024,MIXED COFFEE HAND THAI 1KG.(226160),กาแฟโบราณผสม(โอเลี้ยง)ตรามือ 1 กก.(226160),BAG,,,94.50,,,,I,7,,,,,,
'15120060,TOMATO SAUCE ROZA 10 G. (1x100) (117002),ซอสมะเขือเทศ โรซ่า 10ก.(1x100)/(117002),PACK,,,94.50,,,,I,7,,,,,,
'14030002,TOPPING CHOCOLATE SAUCE ARO 1.2 KG (165215),ท็อปปิ้งรสช็อคโกแลตเอโร่ 1.2กก.(165215),BAG,,,94.50,,,,I,7,,,,,,
'14010021,TOPPING BLUEBERRY ARO 1.2 KG. (126098),ท็อปปิ้งรสบลูเบอรี่เอโร่ 1.2กก.(126098),BAG,,,94.50,,,,I,7,,,,,,
'14010022,TOPPING STRAWBERRY SAUCE ARO 1.2 KG.(165217),ท็อปปิ้งรสสตรอเบอรี่เอโร่ 1.2กก.(165217),BAG,,,94.50,,,,I,7,,,,,,
'15010198,TABASCO SAUCE HABANERO 60ML.(129879),ซอสพริกฮาบาเน่โร ยี่ห้อทาบาสโก้ 60 มล.(129879),Btl,,,104.00,,,,I,7,,,,,,
'15070002,CEREAL FROOT LOOPS KELLOGGS 150/160G.(197668),ซีเรียล-ฟรุ๊ตลูปส์เคลล็อกส์ 150/160ก.(197668),BOX,,,93.50,,,,I,7,,,,,,
'20010006,WATER MINERE 500ML. (1x12)/(198281),นํ้าแร่มิเนเร่ 500 มล.(1x12)/(198281),PACK,,,93.50,,,,I,7,,,,,,
'15090004,MAPLE SYRUP IMPERIAL 730G.(156302),น้ำเชื่อมเมเบิ้ล อิมพีเรียล 730มล.(156302),BTL,,,96.50,,,,I,7,,,,,,
'15090017,HONEY SYRUP IMPERIAL 670ML.(119562),น้ำเชื่อมรสน้ำผึ้ง อิมพีเรียล 670มล.(119562),BTL,,,96.50,,,,I,7,,,,,,
'15010116,GREEN MUSTARD PIGEON DOUBLE 140G.(1x6)/(68666),ผักกาดดอง(ฝาดึง)นกพิราบคู่ 140ก.(1x6)/(68666),Pack,,,97.75,,,,I,7,,,,,,
'15150006,ฟองเต้าหู้ตราปลาทอง 65ก.(1x3)/(118283),ฟองเต้าหู้ ตราปลาทอง 65ก.(1x3)/(118283),PACK,,,97.75,,,,I,7,,,,,,
'20010008,AURA Natural Mineral Water 330 ML.1x15/(215408),น้ำแร่ธรรมชาติ ตราออร่า 330 มล.1x15/(215408),PACK,,,101.75,,,,I,7,,,,,,
'15130036,CHICKEN BROTH FLAVORED ROD-D 800G.(100113),ผงปรุงอาหารรสไก่ รสดี  800ก.(100113),BAG,,,98.75,,,,I,7,,,,,,
'16010021,"FROZEN ROLL PASTRY SPRING HOME 7.5"" (1x50)/(128549)","แผ่นปอเปี๊ยะแช่แข็ง สปริงโฮม 7.5""(1x50)/(128549)",BAG,,,99.75,,,,I,7,,,,,,
'12010161,โรเมนคอสไทย(193982)500g,โรเมนคอสไทย(193982) 500ก.,PACK,,,110.25,,,,N,0,,,,,,
'14030005,TOPPING CHOCOLATE JUNIPER 500G.(131305),ท็อปปิ้งกลิ่นช็อกโกแลตจูนิเปอร์ 500ก.(131305),BTL,,,104.00,,,,I,7,,,,,,
'14000013,MILK FRESH MEIJI  2L.(364143),นมสดพร่องมันเนยรสจืดเมจิ 2 ลิตร(364143),GAL,,,104.75,,,,N,0,,,,,,
'15010121,ITO KATSUO KEZURI MK 50G.(825782),ปลาโอท้องแถบอบแห้งเส้นเอ็มเค 50ก.(825782),BAG,,,99.75,,,,I,7,,,,,,
'10050017,ROUND YAOWARAT FISH BALLS AFM 1KG.(894015),ลูกชิ้นปลาเยาวราชกลมเอเอฟเอ็ม 1 กก.(894015),KG,,,99.75,,,,I,7,,,,,,
'10050049,RUGBY YAOWARAT FISH BALLS AFM 1 KG. (894013),ลูกชิ้นปลารักบี้เยาวราช เอเอฟเอ็ม 1 กก.(894013),KG,,,99.75,,,,I,7,,,,,,
'15130043,FENUGREEK SEEDS 1KG.(165883),ลูกซัด 1 กก.(165883),KG,,,99.75,,,,N,0,,,,,,
'12010134,GREEN COS LETTUCE HYDROPONIC 500G.(193982),สลัดกรีนคอส(ไฮโดรโปนิค)500ก.(193982),PACK,,,110.25,,,,N,0,,,,,,
'15130023,ผงชูรสตราช้อน 1000ก.(107726),ผงชูรส ตราช้อน 1000ก.(107726),KG,,,100.75,,,,N,0,,,,,,
'26000011,JUICE TANGERINE TIPCO 200 ML.1x6/(180115),น้ำผลไม้-น้ำส้มเขียวหวานทิปโก้  200 มล.1x6/(180115),Pack,,,101.75,,,,I,7,,,,,,
'26000004,JUICE SAI NAM PHUENG TIPCO (1x6) (150667),น้ำผลไม้-น้ำส้มสายน้ำผึ้งทิปโก้ 200มล.(1x6)/(150667),PACK,,,101.75,,,,I,7,,,,,,
'26000002,JUICE ORANGE TANGERINE TIPCO 200ML.(1x6)/(180115),น้ำผลไม้-ส้มเขียวหวานทิปโก้ 200มล.(1x6)/(180115),PACK,,,101.75,,,,I,7,,,,,,
'26000003,JUICE ORANGE MANDARIN TIPCO 200ML.(1x6)/(103089),น้ำผลไม้-ส้มแมนดารินทิปโก้  200มล.(1x6)/(103089),PACK,,,101.75,,,,I,7,,,,,,
'26000007,JUICE ORANGE 200ML. (1*6)/(150666),น้ำผลไม้-ส้มโชกุนยี่ห้อทิปโก้ 200 มล.(1*6)/(150666),PACK,,,101.75,,,,I,7,,,,,,
'26000010,JUICE RED GRAPE TIPCO 200 ML.(1x6)/(438087),น้ำผลไม้-องุ่นแดงทิปโก้  200มล.(1x6)/(438087),PACK,,,101.75,,,,I,7,,,,,,
'15010142,MUSHROOM SHITAKE SMALL 200G.(830235),เห็ดหอมแห้งเล็ก 200ก.1*5/กก.(830235),BAG,,,103.00,,,,N,0,,,,,,
'15010113,GARLIC PICKLE MAE JIN 870 G. (154549),กระเทียมดองแม่จินต์ 870ก.(154549),BTL,,,97.75,,,,I,7,,,,,,
'11000030,เนื้อปลากรายบด 500 กรัม. (134603),เนื้อปลากรายบด 500ก.(134603),PACK,,,104.00,,,,N,0,,,,,,
'17080016,เนื้อหอยแมลงภู่แช่แข็ง 200-300 ตัว 1 กก. (856278),เนื้อหอยแมลงภู่แช่แข็ง 200-300 ตัว 1 กก.(856278),KG,,,120.75,,,,N,0,,,,,,
'12000070,แห้วสดปอกเปลือก 1 กก. (265577),แห้วสดปอกเปลือก 1 กก.(265577),KG,,,104.00,,,,N,0,,,,,,
'12000081,แห้วสดปอกเปลือก 1กก.(265577),แห้วสดปอกเปลือก 1กก.(265577),BAG,,,104.00,,,,N,0,,,,,,
'12000072,กล้วยหอม เกรด A (120171),กล้วยหอมเกรด A (120171),BUNCH,,,135.50,,,,N,0,,,,,,
'26000006,JUICE MANDARIN ORANGE MALEE 200 ML. (1x6)/(104254),น้ำผลไม้-น้ำส้มแมนดารินมาลี 200 มล.(1x6)/(104254),PACK,,,98.75,,,,I,7,,,,,,
'26000012,JUICE SAI NAM PHUENG 100% MALEE 200 ML.(1x6)/(142520),น้ำผลไม้-น้ำส้มสายน้ำผึ้ง 100%มาลี 200 มล.(1x6)/(142520),Pack,,,98.75,,,,I,7,,,,,,
'12000043,BLUEBERRIES JUMBO 125G. (861270),บลูเบอร์รี่จัมโบ้ 125ก.(861270),PACK,,,104.00,,,,N,0,,,,,,
'15010083,GREEN MUSTARD PICKLE PIGEON 140G.(1x6)/(67886),ผักกาดดองนกพิราบคู่ 140ก.(1x6)/(67886),Pack,,,104.00,,,,I,7,,,,,,
'10050060,ลูกชิ้นปลาสไตล์ภูเก็ต 480ก.ตราฟิชจอย(832617),ลูกชิ้นปลาสไตล์ภูเก็ต 480ก.ตราฟิชจอย(832617),BAG,,,104.00,,,,I,7,,,,,,
'17070005,FROZEN WILD STRAWBERRY ARO 1KG.(125456),สตรอเบอรี่แช่แข็ง เอโร่ 1 กก.(125456),KG,,,104.00,,,,N,0,,,,,,
'15040008,WAI WAI 500G. (1x3)/(154504),หมี่อบแห้งไวไว 500ก.(1x3)/(154504),Pack,,,104.00,,,,I,7,,,,,,
'12000079,GRAPE RED IMPORT-CHINA 1KG.(109433),องุ่นแดงนอก-จีน 1กก.(109433),Kg,,,104.00,,,,N,0,,,,,,
15130090,ออนิกาโน่ป่น ตราเอล เอวิออน 100ก.(184408),ออนิกาโน่ป่น ตราเอล เอวิออน 100ก.(184408),BAG,,,104.00,,,,N,0,,,,,,
12000028,ROSE APPLE RED (828275),ชมพู่แดง (828275),KG,,,104.00,,,,N,0,,,,,,
'14000012,MILK FRESH 2L.(107753),นมสด 2 ลิตร(107753),GAL,,,104.75,,,,N,0,,,,,,
'14000028,นมสดพาสเตอร์ไรส์ รสจืด ยี่ห้อเมจิ 2 ลิตร(1950),นมสดพาสเตอร์ไรส์ รสจืด ยี่ห้อเมจิ 2 ลิตร(1950),Gal,,,104.75,,,,I,7,,,,,,
'14000027,นมสดพาสเตอร์ไรส์ไขมัน 0% รสจืด ยี่ห้อเมจิ 2 ลิตร(132865),นมสดพาสเตอร์ไรส์ไขมัน 0% รสจืด ยี่ห้อเมจิ 2 ลิตร(132865),Gal,,,104.75,,,,N,0,,,,,,
'14000031,นมสดรสจืดเมจิ 2 ลิตร(1950),นมสดรสจืดเมจิ 2 ลิตร(1950),Gal,,,104.75,,,,N,0,,,,,,
'15010082,BREAD CRUMB PANKO LOBO 1KG.(191684),เกร็ดขนมปังโลโบ 1กก.(191684),BAG,,,105.00,,,,I,7,,,,,,
'15130012,GROUND CINNAMON 200G. (175509),อบเชยป่น 200ก.(175509),BAG,,,105.00,,,,N,0,,,,,,
'15010209,พริกขี้หนูสวนป่น 500ก.ตราไรทิพย์(8346),พริกขี้หนูสวนป่น 500ก.ตราไรทิพย์(8346),BAG,,,107.00,,,,N,0,,,,,,
15000038,น้ำเต้าหู้ผงสำเร็จรูป 28ก.1*13/แพ็ค ตราโอวัลติน(825790),น้ำเต้าหู้ผงสำเร็จรูป 28ก.1*13/แพ็ค ตราโอวัลติน(825790),Pack,,,107.00,,,,I,7,,,,,,
'20000018,RED BULL BTL 150 ML  (1x10 PCS) (128499),กระทิงแดงขวด 150 มล. (1x10 ขวด) (128499),PACK,,,108.25,,,,I,7,,,,,,
'15010067,SEEDS CUMIN  250 G. (175488),เมล็ดยี่หร่า 250 กรัม.(175488),BAG,,,109.25,,,,N,0,,,,,,
'15130072,ผงชูรสตราถ้วยแดง 1 กก.(909706),ผงชูรส ตราถ้วยแดง 1 กก.(909706),KG,,,109.25,,,,I,7,,,,,,
'15120027,SOYBEAN SAUCE 800G.(1x3)/(147573),เต้าเจี้ยว เด็กสมบูรณ์ 800ก.(1x3)/(147573),Pack,,,110.25,,,,I,7,,,,,,
'16010019,FROZEN AUTHENTIC HALDIRAM 80G.(1x5)(829977),ขนมปังอินเดีย-ทันดูรินานฮาดิรัม 80ก.(1x5)/(829977),BAG,,,110.25,,,,I,7,,,,,,
'15000001,CHOCOLATE MALT 3IN1 OVALTINE 29 G. (1x15)(801775),ช็อกโกแลตมอลต์โอวัลติน 3 in 1 29ก.(1x15)/(801775),PACK,,,107.00,,,,I,7,,,,,,
'14000026,นมข้าวโอ๊ตบาริสต้า ยี่ห้อโอ๊ตลี่ 1 ลิตร(909821),นมข้าวโอ๊ตบาริสต้า ยี่ห้อโอ๊ตลี่ 1 ลิตร(909821),Gal,,,110.25,,,,I,7,,,,,,
'15010164,TOMATO SAUCE U-CHEF 145 G. (1x10)(834882),ปลาป๋องในซอสมะเขือเทศยูเซฟ 145ก.(1x10)(834882),PACK,,,110.25,,,,I,7,,,,,,
'15130066,TURMERIC POWDER SAHIBA 500G.(102550),ผงขมิ้น-500G.SAHIBA (102550),BAG,,,122.75,,,,I,7,,,,,,
'12000071,แห้วสดหั่นเต๋า 1 กก.ตราเอโร่(138297),แห้วสดหั่นเต๋า 1 กก.ตราเอโร่(138297),KG,,,114.50,,,,N,0,,,,,,
'10050054,ปลาเส้นทอดมหาชัย 700ก.(827687),ปลาเส้นทอดมหาชัย 70ก.(827687),BAG,,,114.50,,,,N,0,,,,,,
'17060006,SLICED LOTUS ROOT ARO 1KG.(143703),รากบัวสไลซ์แช่แข็ง เอโร่ 1 กก.(143703),KG,,,114.50,,,,N,0,,,,,,
'11000034,ลูกชิ้นปลากลมขนาดใหญ่ มหาชัย 1 กก. (152875),ลูกชิ้นปลากลมขนาดใหญ่มหาชัย 1 กก.(152875),KG,,,114.50,,,,N,0,,,,,,
'12000076,องุ่นเขียวไร้เมล็ดอินเดีย 1 กก.(158378),องุ่นเขียวไร้เมล็ดอินเดีย 1 กก. (158378),KG,,,93.50,,,,N,0,,,,,,
'16010009,"TORTILLAS 8"" (1x10 PCS)/(110045)","แผ่นตอติญ่า 8"" (1x10 ชิ้น)/(110045)",PACK,,,115.50,,,,I,7,,,,,,
'15120029,TAMARIND SAUCE KAORR 850G.(1x9)/(144146),ซอสมะขามเปียกเข้มข้น คนอร์ 850ก.(1x9)/(144146),BAG,,,115.50,,,,I,7,,,,,,
'15090043,น้ำตาลทรายแดง 500ก.(230457) ยี่ห้อมิตรผล1*4/แพ็ค,น้ำตาลทรายแดง 500ก.(230457) ยี่ห้อมิตรผล1*4/แพ็ค,PACK,,,120.75,,,,I,7,,,,,,
'15120013,RED WINE VINEGAR VIANDER 1L.(840154),น้ำส้มสายชูหมักจากไวน์แดง เวียนเดอร์ 1ลิตร(840154),BTL,,,115.50,,,,I,7,,,,,,
'15120025,WHITE WINE VINEGAR VIANDER 1L.(840152),น้ำส้มสายชูหมักจากไวน์ขาว เวียนเดอร์ 1 ลิตร(840152),BTL,,,115.50,,,,I,7,,,,,,
'15010217,ผักกาดดองนกพิราบเดี่ยว140ก.1*6/แพ็ค(67899),ผักกาดดองนกพิราบเดี่ยว140ก.1*6/แพ็ค(67899),Pack,,,115.50,,,,I,7,,,,,,
'15010141,MIX PICKLED VEGETABLE PIGEON 140G.(1x6)/(65975),ผักผสมดองเค็มซีเซ็กฉ่ายนกพิราบ 140ก.(1x6)(65975),Pack,,,115.50,,,,I,7,,,,,,
'15050015,FLOUR GOGI POWDER 500G. (1x3)/(101079),แป้งโกกิ 500ก.(1x3)/(101079),Pack,,,117.50,,,,I,7,,,,,,
'15130070,ปรุงรสอาหารทะเลแม็คคอร์มิค 74ก.(859462),ปรุงรสอาหารทะเล แม็คคอร์มิค 74ก.(859462),BTL,,,118.75,,,,I,7,,,,,,
'14010024,BUTTER WHITE OPCREAM 1 KG.(177832),เนยขาวโอลิมปิคครีมโอพีครีม 1 กก.(177832),BAG,,,120.75,,,,I,7,,,,,,
'15130055,MIXED PICKLE MOTHER 500G.(216031),พิคเกิลมิกซ์ มาเธอร์สเรซิพี 500ก.(216031),BTL,,,120.75,,,,I,7,,,,,,
'14010015,MARGARINE BLUE BAND BEST FOODS 1KG.(866196),มาร์การีน-บลูแบนด์เบสฟู้ดส์ 1 กก.(866196),BAG,,,120.75,,,,I,7,,,,,,
'10050009,FERMENTED GRILL CHICKEM JPM 850G.(149987),แหนมไก่ดอนเมืองเจพีเอ็ม 850ก.(149987),BAG,,,122.75,,,,I,7,,,,,,
'10050053,แหนมไก่ ดอนเมืองย่าง เจพีเอ็ม850ก.(10ชิ้น)(149987),แหนมไก่ดอนเมืองย่าง(เจพีเอ็ม) 850ก.(1*10)/(149987),PACK,,,122.75,,,,I,7,,,,,,
'12010030,GALANGA WHOLE YOUNG(323648),ข่าอ่อน(323648),KG,,,125.00,,,,N,0,,,,,,
'10050010,FISH BALL ARO 800G.(100920),ลูกชิ้นปลากลมขนาดใหญ่เอโร่ 800ก.(100920),BAG,,,125.00,,,,I,7,,,,,,
'15040020,หมี่เตี๊ยวเส้นขาว เอโร่ 350ก.(1x3)/(142407),หมี่เตี๊ยวเส้นขาว เอโร่ 350ก.(1x3)/(142407),PACK,,,125.00,,,,I,7,,,,,,
'12000010,GRAPES GREEN (320775),องุ่นเขียว(320775),KG,,,125.00,,,,N,0,,,,,,
15010008,BREAD CRUMBS LOBO 350G.(1x3)/(163223) : ,เกล็ดขนมปังป่นปรุงรสโลโบ 350ก.(1x3)/(163223),Pack,,,126.00,,,,I,7,,,,,,
'15120008,JIGCHO SAUCE 600ML (1x3)/(840133),ซอสจิ๊กโฉ่ เด็กสมบูรณ์ 600 มล.(1x3)/(840133),Pack,,,126.00,,,,I,7,,,,,,
'15120076,SAUCE THIN SOYHEALTHY BOY 2L.(147361),ซีอิ๊วขาว#1 เด็กสมบูรณ์ 2 ลิตร(147361),Btl,,,114.50,,,,I,7,,,,,,
14010027,น้ำสลัดเทาซันไอแลนด์ 1 กก.ตราเอโร่(869188),น้ำสลัดเทาซันไอแลนด์ 1 กก.ตราเอโร่(869188),BAG,,,126.00,,,,I,7,,,,,,
'15130050,ITALIAN HERB GRINDER MCCORMICK 21G.(809445),อิตาเลี่ยนฝาบด แม็คคอร์มิค 21ก.(809445),BTL,,,126.00,,,,I,7,,,,,,
'10050062,SAUSAGE PORK CHICKES SAI UA JPM 750G.(149974),ไส้อั่วสมุนไพรหมูผสมไก่ ตราเจพีเอ็ม750ก.(149974),Pack,,,127.00,,,,I,7,,,,,,
'15010159,SEEDS SUNFLOWER ROASTED HERITAGE 500G.(228875),เมล็ดทานตะวันอบเฮอริเทจ 500ก.(228875),BAG,,,128.00,,,,I,7,,,,,,
'15030010,PASTA- TAGLIATELLE MEZZANE AGNESI 500G.(110457),พาสต้า-ตักเลียตะเล่เมสะเน่ แอคเนซี่ 500ก.(110457),BAG,,,128.00,,,,I,7,,,,,,
'15080067,YEAST DRIED INSTANT BRUGGEMAN BROWN 500G.(125585),ยีสต์รสหวานบรักกี้มานสีน้ำตาล 500ก.(125585),BOX,,,130.25,,,,I,7,,,,,,
'15010086,AJWAIN SEEDS 500G.(102339),AJWAIN SEEDS 500G.(102339),BAG,,,131.25,,,,N,0,,,,,,
'15150009,เต้าหู้นิ่มญีปุ่น โตฟูโออิชิ 300 ก. (1x5) (149047),เต้าหู้นิ่มญีปุ่น โตฟูโออิชิ 300 ก. (1x5) (149047),PACK,,,131.25,,,,I,7,,,,,,
'15010105,CORN SEED CHICAGO 2KG.(229059),เมล็ดข้าวโพดชิคาโก 2 กก.(229059),BAG,,,131.25,,,,N,0,,,,,,
'15010119,KEBAB HARA BHARA  HALDIRAM' 300G.(1x12)/(861347),กะบับฮาราบาราฮัลดิราม 300ก.(1x12)/(861347),PACK,,,131.25,,,,I,7,,,,,,
12010173,TOU MEAU 500G.(215744),ผักโต้วเหมียว 500ก.(215744),Pack,,,131.25,,,,N,0,,,,,,
'15130027,BRAND GROUND GARLIC No.1 HAND 200G.(106723),กระเทียมป่น ตรามือ 1200ก.(106723),BAG,,,133.25,,,,N,0,,,,,,
'15070003,CEREAL HONEY STARS NESTLE 300G.(175854),ซีเรียล-ฮันนี่สตาร์เนสท์เล่ 300ก.(175854),BOX,,,133.25,,,,I,7,,,,,,
'15120005,COCONUT CREAM AROY-D 250ML.(1x6)/(147234),น้ำกะทิ อร่อยดี 250 มล.(1x6)/(147234),PACK,,,133.25,,,,I,7,,,,,,
'15080029,COCOA POWDER TULIP 500 G. (844709),ผงโกโก้สีเข้ม ทิวลิป 500ก.(844709),BAG,,,134.50,,,,I,7,,,,,,
15120042,COCONUT CREAM CHAOKOH 250ML.(1x6)/164908,น้ำกะทิชาวเกาะ 250มล.(1x6)/164908),Pack,,,134.50,,,,I,7,,,,,,
17070006,MANDARIN ORANGE FROZEN SEGMENT ARO 1KG.(160355),เนื้อส้มแมนดารินแช่แข็ง เอโร่ 1 กก.(160355),KG,,,135.50,,,,N,0,,,,,,
'15130009,CORIANDER POWDER 1KG.(165857),เม็ดผักชีป่น 1 กก.(165857),KG,,,135.50,,,,N,0,,,,,,
'17060008,กะหล่ำดาวแช่แข็ง 1 กก.ตราโทเมกซ์(145504),กะหล่ำดาวแช่แข็ง 1 กก.ตราโทเมกซ์(145504),Kg,,,135.50,,,,N,0,,,,,,
'15030012,PASTA-LASAGNE AGNESI 500G.(129548),พาสต้า-ลาซานญ่า แอคเนซี่ 500ก.(129548),BAG,,,135.50,,,,I,7,,,,,,
'12010137,KAI LAN (151020),ยอดคะน้าฮ่องกง (151020),KG,,,135.50,,,,N,0,,,,,,
'10050038,FISH BALL - PFP 500G.,ลูกชิ้นปลากลมสไตล์ภูเก็ต ยี่ห้อ PFP 500ก.(809866),PACK,,,135.50,,,,I,7,,,,,,
'15090050,น้ำตาลทรายขาว1กก.ตราวังขนาย 1*5/แพ็ค(825261),น้ำตาลทรายขาว1กก.ตราวังขนาย 1*5/แพ็ค(825261),Pack,,,136.50,,,,I,7,,,,,,
'15120071,SOYBEAN SAUCE 850G.1*3/PACK UFC(140504),เต้าเจี้ยว 850ก.1*3/แพ็ค ตรายูเอฟซี(140504),Btl,,,138.50,,,,I,7,,,,,,
'15130031,CURRY PEWDER  200 G.(184165),ผงกะหรี่ปืนไขว้ 200ก.(184165),BTL,,,138.50,,,,I,7,,,,,,
'15080014,BAKING POWDER BEST FOOD 1KG.(204345),ผงฟู เบสท์ฟูดส์ 1 กก.1*18/ลัง(204345),BAG,,,138.50,,,,I,7,,,,,,
'15130024,THYME El AVION 200G.(167127),ใบไทม์ เอลเอวิออน 200ก.(167127),BAG,,,139.75,,,,N,0,,,,,,
'26010077,SYRUP CONCENTRATED-POMEGRANATE LONGBEAC 740 ML.(821305),ไซรัปเข้มข้น-กลิ่นทับทิม ตราลองบีช 740 มล.(821305),Btl,,,140.75,,,,I,7,,,,,,
'26010086,SYRUP CONCENTRATED-LYCHEE LONGBEACH 740 ML.(810413),ไซรัปเข้มข้น-กลิ่นลิ้นจี่ ตราลองบีช 740 มล.(810413),Btl,,,140.75,,,,I,7,,,,,,
'15120056,SRIRACHA CHILLI SAUCE ARO 5KG.(895228),ซอสพริกศรีราชา เอโร่ 5กก.(895228),GAL,,,135.50,,,,I,7,,,,,,
'15010165,TRUFFLE FROZEN ARO 1 KG. (842057),แห้วแช่แข็งเอโร่ 1 กก.(842057),BAG,,,141.75,,,,I,7,,,,,,
'17020007,ไก่ปิ้งนมสดแช่แข็ง 45ก.(1x20)/(910678),ไก่ปิ้งนมสดแช่แข็ง 45ก.(1x20)/(910678),PACK,,,141.75,,,,N,0,,,,,,
'15120006,COCONUT FRAGRANT AROY-D 250ML.(1x6)/(198580),น้ำกะทิอบควันเทียน อร่อยดี 250มล.(1x6)/(198580),PACK,,,141.75,,,,I,7,,,,,,
'15090007,SUGAR PURE REFINED MITR PHOL 1 KG. (1x5) (230449),น้ำตาลทรายขาวบริสุทธิ์ มิตรผล 1 กก.(1x5)/(230449),Pack,,,141.75,,,,I,7,,,,,,
'15010195,ทูน่าชนิดก้อนในน้ำมันถั่วเหลือง ยี่ห้อนอติลุส 165ก.1*4/แพ็ค(191285),ทูน่าชนิดก้อนในน้ำมันถั่วเหลือง ยี่ห้อนอติลุส 165ก.1*4/แพ็ค(191285),PACK,,,138.50,,,,I,7,,,,,,
15000035,LIPTON TEA YELLOW SIZE 2G.1*50/BOX/(417322),ชาลิปตันเหลืองซอง 2ก.1*50/กล่อง(417322),Box,,,143.75,,,,I,7,,,,,,
'17080005,เนื้อหอยแมลงภู่แช่แข็ง 100-250 ตัว 1 กก.(856275),เนื้อหอยแมลงภู่แช่แข็ง100-250 ตัว 1 กก.(856275),KG,,,146.00,,,,N,0,,,,,,
'16010045,แผ่นแป้งโรตีแช่แข็งรสดั้งเดิม 65ก.ตราสปริงโฮม 1*10ชิ้น/แพ็ค(145894),แผ่นแป้งโรตีแช่แข็งรสดั้งเดิม 65ก.ตราสปริงโฮม 1*10ชิ้น/แพ็ค(145894),Pack,,,146.00,,,,I,7,,,,,,
'11020004,JELLY FISH 1KG.(237450),แมงกะพรุน 1 กก.(237450),KG,,,141.75,,,,N,0,,,,,,
12000092,ราสเบอรี่นำเข้าจีน 125ก.(807483),ราสเบอรี่นำเข้าจีน 125ก.(807483),Pack,,,146.00,,,,N,0,,,,,,
'15020003,RAISINS BLACK ARO (184351),ลูกเกดดำเอโร่(184351),KG,,,146.00,,,,N,0,,,,,,
'12000009,GRAPE RED IMPORT 1KG.(112406),องุ่นแดงนอกชิลี/เปรู 1 กก.(112406),KG,,,146.00,,,,N,0,,,,,,
'12000078,องุ่นดำไร้เมล็ดอินเดีย 1 กก. (184015),องุ่นดำไร้เมล็ดอินเดีย 1 กก.(184015),KG,,,146.00,,,,N,0,,,,,,
'15010085,ACHAR (MIX PICKLE) 1KG./BOX (839527),ACHAR (MIX PICKLE) 1KG./BOX(839527),BOX,,,147.00,,,,I,7,,,,,,
'15070015,CEREAL KOKO POP KELLOGGS SIZE 350/400G.(197654),ซีเรียล-โกโก้ป๊อปเคลล็อกซ์ 350/400ก.(197654),BOX,,,141.75,,,,I,7,,,,,,
'15120055,SOYBEAN SAUCE #1 HEALTHY BOY 700ML.(1x3)/(146465),ซีอิ๊วขาว#สูตร1 เด็กสมบูรณ์ 700มล.(1x3)/(146465),PACK,,,145.00,,,,I,7,,,,,,
14000003,MILK FALCON 375 ML.(1x6)/(104517),นมข้นจืดนกเหยี่ยว 375 มล.(1x6)/(104517),Pack,,,143.75,,,,I,7,,,,,,
'15010184,หัวหอมเจียวไร่ทิพย์ 500ก.(915848),หัวหอมเจียวไร่ทิพย์ 500ก.(915848),BAG,,,147.00,,,,I,7,,,,,,
'15040009,WAI WAI NOODLE DRIED 180G.(1x12)/(990899),เส้นหมี่อบแห้งไวไว 180ก.(1x12)/(990899),Pack,,,154.25,,,,I,7,,,,,,
'17070011,PASSION FRUIT JUICE WITH SEEDS NCW 1KG.(863489),น้ำเสาวรสมีเมล็ดแช่แข็ง NCW 1 กก.(863489),BAG,,,152.25,,,,I,7,,,,,,
'15090047,น้ำตาลธรรมชาติ 1กก.ตราวังขนาย 1*5/แพ็ค(825255),น้ำตาลธรรมชาติ 1กก.ตราวังขนาย 1*5/แพ็ค(825255),Pack,,,157.50,,,,I,7,,,,,,
'15090049,น้ำตาลอ้อยธรรมชาติ 1กก.ตราษฎา 1*5/แพ็ค(864206),น้ำตาลอ้อยธรรมชาติ 1กก.ตราษฎา 1*5/แพ็ค(864206),Pack,,,152.25,,,,I,7,,,,,,
'15090005,NATURAL SUGAR MITR PHOL 1KG. (1x5)/(900501),น้ำตาลอ้อยธรรมชาติ(แดง)มิตรผล 1 กก.(1x5)/(900501),Pack,,,152.25,,,,I,7,,,,,,
'16000009,HASH BROWNS FARM FRITES 1KG.(800083),มันฝรั่งแฮชบราวน์ ยี่ห้อฟาร์มฟริตซ์ 1กก.(800083),BAG,,,152.25,,,,I,7,,,,,,
14010005,MAYONNAISE BESTFOOD 1KG.(1x9)/(184314),มายองเนสเบสฟู้ดส์ 1 กก.(1x9)/(184314),BAG,,,152.25,,,,I,7,,,,,,
'17010002,FROZEN MARINATED PORK SKEWERS 45G.(1x20)/(861654),หมูปิ้งนมสดแช่แข็ง 45ก.(1x20)/(861654),PACK,,,152.25,,,,I,7,,,,,,
'15010191,ปลาเค็มเจ 500ก.(161035),ปลาเค็มเจ 500ก.(161035),BAG,,,154.25,,,,I,7,,,,,,
'14030020,TOPPING&FILLING STRAWBERRY 620G.OSTERBERG(823123),ท๊อปปิ้งและฟิลลิ่งสตรอเบอรี่ 620ก.ตราออสเตอเบิร์ก(823123),Can,,,167.00,,,,I,7,,,,,,
14000023,นมจืดเอกตร้า385ก.1*6/แพ็ค ตราคาร์เนชั่น(23569),นมจืดเอกตร้า385ก.1*6/แพ็ค ตราคาร์เนชั่น(23569),Pack,,,155.50,,,,I,7,,,,,,
'15130021,RED CHILLI POWDER EVEREST 500 G. (102556),พริกป่นแดงอินเดีย ยี่ห้อเอเวอร์เรสต์ 500ก.(102556),BAG,,,156.50,,,,I,7,,,,,,
'12000065,STRAWBERRY IMPORT KR 250G.(24765),สตรอเบอร์รี่นำเข้าเกาหลี 250ก.(24765),PACK,,,177.50,,,,N,0,,,,,,
'15130037,CINAMOM STICK  500G.ARONTIP(166073),อบเชย 500ก.ตราอรุณทิพย์(166073),BAG,,,156.50,,,,N,0,,,,,,
'14000021,CREAMER SWEETENED BEVERAGE 388 G.(1x3)/(24700),ครีมเทียมข้นหวานคาร์เนชัน 388ก.(1x3)/(24700),PACK,,,157.50,,,,I,7,,,,,,
'14000009,SWEETENED CREAMER CARNATION 388G.(1x6)/(24700),ครีมเทียมข้นหวานคาร์เนชัน 388ก.(1x6)/(24700),Pack,,,157.50,,,,I,7,,,,,,
'15120073,RED WINE VINEGAR 500ML.BERTOLLI(145226),น้ำส้มสายชูหมักจากไวน์แดง 500 มล.ตราเบอร์ทอลลี่(145226),Btl,,,204.75,,,,I,7,,,,,,
'15080011,VANILLA POWDER BEST ODOUR 500G.(182902),วนิลาผง เบสท์โอเดอร์ 500ก.(182902),BAG,,,158.50,,,,I,7,,,,,,
'15060026,KUA KLING CURRY (851293),เครื่องแกงคั่วกลิ้ง (851293),KG,,,173.25,,,,N,0,,,,,,
'20000019,RED BULL EXTRA CAN 170ML.(1x12)/PACK(191869),เรดบลูเอ็กซ์ตร้า 170 มล.(1*12)/แพ็ค(191869),Pack,,,159.50,,,,I,7,,,,,,
'26010068,SYRUP CONCENTRATED-CARAMEL LONGBEAC 740 ML.(810422),ไซรัปเข้มข้น-กลิ่นคาราเมล ตราลองบีช 740 มล.(810422),Btl,,,161.75,,,,I,7,,,,,,
'26010076,SYRUP CONCENTRATED-VANILLA LONGBEACH 740 ML.(810423),ไซรัปเข้มข้น-กลิ่นวานิลลา ตราลองบีช 740 มล.(810423),Btl,,,161.75,,,,I,7,,,,,,
'14030011,SALAD CREAM BEST FOODS 1KG.(1x9)/(184315),สลัดครีมเบสท์ฟู้ดส์ 1 กก.(1x9)/(184315),BAG,,,161.75,,,,I,7,,,,,,
'15150010,เต้าหู้ปลาแผ่น PFP (173275),เต้าหู้ปลาแผ่น PFP (173275),PACK,,,162.75,,,,N,0,,,,,,
'17080017,เนื้อหอยแมลงภู่ชิลีแช่แข็ง 200-300 ตัว1กก.(109135),เนื้อหอยแมลงภู่ชิลีแช่แข็ง 200-300 ตัว1กก.(109135),KG,,,162.75,,,,N,0,,,,,,
'10050029,CHICKEN HAM GSB 1KG.(150711),ไก่แผ่นรมควันจีเอสบี 1 กก.(150711),KG,,,162.75,,,,I,7,,,,,,
'10050059,COPPA 100G.TGM(214539),คอปป้า(แฮมอิตาเลี่ยนสไลด์) 100ก.ตราทีจีเอ็ม(214539),Pack,,,162.75,,,,I,7,,,,,,
'15120068,ซอสเห็ดหอมสูตรเจ 2.2กก.ยี่ห้อเด็กสมบูรณ์(235184),ซอสเห็ดหอมสูตรเจ 2.2กก.ยี่ห้อเด็กสมบูรณ์(235184),Gal,,,162.75,,,,I,7,,,,,,
'15120014,SAUCE GREEN GOLDEN MOUNTAIN 3L.(902837),ซอสปรุงรสฝาเขียว ภูเขาทอง 3 ลิตร(902837),GAL,,,154.25,,,,I,7,,,,,,
'11000024,SEA BASS SIZE 700-800G.(803572),ปลากระพงขาวแบบทำ 700-800ก.(803572),KG,,,156.50,,,,N,0,,,,,,
'15120069,SAUCE GREEN 1L.PHUKHAO TONG(1x3)/43615,ซอสปรุงรสฝาเขียว1 ลิตร ยี่ห้อภูเขาทอง(1x3)/43615,Pack,,,154.25,,,,I,7,,,,,,
'15110002,OIL SESAME TWIN ELEPHANT 630ML.(132260),น้ำมันงา ช้างคู่ 630มล.(132260),BTL,,,166.00,,,,I,7,,,,,,
'17070001,COCONU CHUNKED NAM HOM ALL COCO 1KG.(813532),เนื้อมะพร้าวน้ำหอมแบบแผ่นแช่แข็ง 1 กก. (813532),KG,,,167.00,,,,I,7,,,,,,
'22140008,YEOW NGERN 70 CL.(206675),เหยี่ยวเงิน 70 CL.(206675),Btl,,,167.00,,,,I,7,,,,,,
15010227,ไก่หยองอย่างดี 400ก.ตราเอโร่(160652),ไก่หยองอย่างดี 400ก.ตราเอโร่(160652),BAG,,,167.00,,,,I,7,,,,,,
15120028,SWEET SOYA SAUCE 970CC.(1x3)/(840135),ซีอิ๊วหวาน เด็กสมบูรณ์ 970CC.(1x3)/(840135),Pack,,,167.00,,,,I,7,,,,,,
'14000001,COOKING AND BAKERIES CARNATION 405ก.(1x6)/(24388),นมข้นจืดสำหรับทำอาหารคาร์เนชั่น  405ก.(1x6)/(24388),Pack,,,164.75,,,,I,7,,,,,,
'14000008,MILK UNSWEET CANATION 405G.(1x6)/(24388),นมจืด 405ก.ตราคาเนชั่่น(1x6)/(24388),PACK,,,164.75,,,,I,7,,,,,,
'10020018,CHICKEN WINGS UP (Halan) 2KG.(893188),ปีกไก่บนฮาลาล 2 กก.(893188),KG,,,167.00,,,,N,0,,,,,,
'15010020,CHESNUT IN SYRUP WATER 1KG.(115077),แห้วต้มน้ำตาล 1 กก.(115077),KG,,,168.00,,,,I,7,,,,,,
'14000007,MILK SWEET CONDENSED CANATION 380G.(1x6)(829604),นมข้นหวานคาร์เนชันพลัส 380ก.(1x6)/(829604),Pack,,,166.00,,,,I,7,,,,,,
'14010020,THOUSAND ISLAND BEST FOODS 1 KG.(1x9) (184324),น้ำสลัดเทาซันไอแลนด์เบสท์ฟู้ดส์1 กก.(1x9)/(184324),BAG,,,168.00,,,,I,7,,,,,,
'22140013,สุราข้าวหอมนิยมไทย 40 ดีกรี 330 มล.ตรากระทิงแดง(1x3)/(857958),สุราข้าวหอมนิยมไทย 40 ดีกรี 330 มล.ตรากระทิงแดง(1x3)/(857958),Pack,,,170.00,,,,I,7,,,,,,
'22140010,สุราข้าวหอมนิยมไทย 40 ดีกรี 330มล.(1x3)/(857958),สุราข้าวหอมนิยมไทย 40 ดีกรี 330มล.(1x3)/(857958),Pack,,,170.00,,,,I,7,,,,,,
'15070006,CEREAL MUESLI FRUITY ARO 1KG.(167630),ซีเรียล-มูสลีผสมผลไม้เอโร่ 1 กก.(167630),KG,,,172.25,,,,I,7,,,,,,
'17080031,กุ้งขาวไว้หางแช่แข็ง 67-77 ตัว/กก.(816822),กุ้งขาวไว้หางแช่แข็ง 67-77 ตัว/กก.(816822),Kg,,,173.25,,,,N,0,,,,,,
'15120066,ซอสเห็ดหอมสูตรเจ 800ก.ยี่ห้อเด็กสมบูรณ์ 1*3/แพ็ค(198588),ซอสเห็ดหอมสูตรเจ 800ก.ยี่ห้อเด็กสมบูรณ์ 1*3/แพ็ค(198588),Pack,,,162.75,,,,I,7,,,,,,
'15120070,ซีอิ๊วเห็ดหอม ยี่ห้อเด็กสมบูรณ์ 700มล.1X3/แพ็ค(146447),ซีอิ๊วเห็ดหอม ยี่ห้อเด็กสมบูรณ์ 700มล.1X3/แพ็ค(146447),Pack,,,173.25,,,,I,7,,,,,,
17030004,น่องติดสะโพกเป็ดแช่แข็ง 1กก. ตราเอโร่(204490),น่องติดสะโพกเป็ดแช่แข็ง 1กก. ตราเอโร่(204490),Kg,,,173.25,,,,N,0,,,,,,
'15120007,FISH SAUCE RAZOR CLAM 4.5L.(439582),น้ำปลา ตราหอยหลอด 4.5 ลิตร(439582),GAL,,,173.25,,,,I,7,,,,,,
'15130060,RED PEPPER CHUNG JUNG ONE 500G.(201577),พริกเกาหลีแบบป่นหยาบชองจองวอน 500ก.(201577),BAG,,,173.25,,,,I,7,,,,,,
'15020011,RAISINS WHITE ARO(184344),ลูกเกดขาวเอโร่(184344),KG,,,173.25,,,,N,0,,,,,,
'15010030,GUACAMOLE DIP EL SABOR 300G.(133795),อโวคาโดบดกัวคาโมเล่ดิปเอลตราซาบอร์  300ก.(133795),CAN,,,183.75,,,,I,7,,,,,,
'15080042,DARK CHOCOLATE COMPOUND TULIP 1KG.(183151),ดาร์คช็อคโกแลตคอมพาวด์แท่ง ทิวลิป 1กก.(183151),KG,,,174.25,,,,I,7,,,,,,
'17070009,COCONUT FLESH NAM HOM 1KG.(829152),เนื้อมะพร้าวน้ำหอมแช่เยือกแข็งแบบเส้น1 กก.(829152),KG,,,177.50,,,,I,7,,,,,,
'12010055,MUSHROOM STRAW (324038),เห็ดฟาง(324038),KG,,,177.50,,,,N,0,,,,,,
'17070015,แครนเบอรี่เเช่แข็ง 1 กก.ตราเอโร่(154972),แครนเบอรี่เเช่แข็ง 1 กก.ตราเอโร่(154972),Kg,,,177.50,,,,N,0,,,,,,
'15140015,STICKY RICE ARO 5KG.(40651),ข้าวเหนียวขาวเขี้ยวงู เอโร่ 5 กก.(40651),BAG,,,177.50,,,,N,0,,,,,,
'15120016,SAUCE SOYBEAN HEALTHY BOY 1L.(1x3)/(147344),ซีอิ๊วขาวเด็กสมบูรณ์ 1 ลิตร(1x3)/(147344),Pack,,,200.50,,,,I,7,,,,,,
'12000060,PINEAPPLE PU-LE (816843),สัปปะรดภูแล (816843),KG,,,177.50,,,,N,0,,,,,,
'15130020,PEPER WHITE POWDER 1KG.(166208),พริกไทยขาวป่น 1 กก.(166208),KG,,,179.50,,,,N,0,,,,,,
'15070010,CEREAL KOKO KRUNCH NESTLE 450/500G.(182016),ซีเรียล-โกโก้ครั้นซ์เนสท์เล่ 450/500ก.(182016),BOX,,,180.50,,,,I,7,,,,,,
'15010080,TUNA STEAK IN OIL NAUTILUS 170G.1*4/PACK(191288),ทูน่าสเต็กในน้ำมันถั่วเหลืองนอติลุส 170ก.1*4/แพ็ค(191288),Pack,,,180.50,,,,I,7,,,,,,
'15120044,FISH SAUCE COOK&LOBSTER  4.5L.(91858),น้ำปลาคนแบกกุ้ง 4.5ล.(91858),GAL,,,177.50,,,,I,7,,,,,,
'14010013,BUTTER CHUNK PEANUT SKIPPY 510G.(208388),เนยถั่วทาบดหยาบสกิปปี้(น้ำเงิน)510ก.(208388),BTL,,,189.00,,,,I,7,,,,,,
'15010177,กระเทียมดองแม่จินต์ 1800ก.(154533),กระเทียมดองแม่จินต์ 1800ก.(154533),BTL,,,183.75,,,,I,7,,,,,,
'17080030,กุ้งขาวไว้หางแช่แข็ง 56-66 ตัว/กก.(816820),กุ้งขาวไว้หางแช่แข็ง 56-66 ตัว/กก.(816820),Kg,,,183.75,,,,N,0,,,,,,
'15120022,TOMATO SAUCE ARO 5KG.(162730),ซอสมะเขือเทศ เอโร่ 5 กก.(162730),GAL,,,183.75,,,,I,7,,,,,,
'15130073,พริกป่นแดง 1 กก. (169229),พริกป่นแดง 1 กก.(169229),BAG,,,183.75,,,,N,0,,,,,,
'15120058,TABASCO SAUCE 150 ML. (142293),ซอสพริกทาบาสโก้ 150มล.(142293),BTL,,,184.75,,,,I,7,,,,,,
'22140015,สุราข้าวหอม 40 ดีกรี 330 มล.ตราตะวันแดง(1x3)/838414,สุราข้าวหอม 40 ดีกรี 330 มล.ตราตะวันแดง(1x3)/838414,Pack,,,185.75,,,,I,7,,,,,,
'20000017,SODA WATER ROCK 325 ML.(1x24)/(810465),โซดาร๊อค 325มล. (1x24)/(810465),TRAY,,,187.00,,,,I,7,,,,,,
'17080027,เนื้อปลานิลแล่แช่แข็ง  55-85ก./ชิ้น นน.1 กก.(816710),เนื้อปลานิลแล่แช่แข็ง  55-85ก./ชิ้น นน.1 กก.(816710),BAG,,,198.50,,,,N,0,,,,,,
'17080038,เนื้อปลานิลแล่แช่แข็ง 140-200ก./ชิ้น นน.1กก.(816714),เนื้อปลานิลแล่แช่แข็ง 140-200ก./ชิ้น นน.1กก.(816714),Kg,,,198.50,,,,N,0,,,,,,
'17080028,เนื้อปลานิลแล่แช่แข็ง 85-140ก./ชิ้น นน.1 กก.(816712),เนื้อปลานิลแล่แช่แข็ง 85-140ก./ชิ้น นน.1 กก.(816712),BAG,,,198.50,,,,N,0,,,,,,
'17070002,FROZEN MIX BERRY ARO 1KG.(826024),ผลไม้รวมเบอร์รี่แช่แข็ง เอโร่ 1 กก.(826024),KG,,,188.00,,,,N,0,,,,,,
'17070008,มะม่วงน้ำดอกไม้หั่นเต๋าแช่แข็ง เอโร่1 กก.(821069),มะม่วงน้ำดอกไม้หั่นเต๋าแช่แข็ง เอโร่ 1กก.(821069),BAG,,,188.00,,,,I,7,,,,,,
'15130057,OREGANO EL AVION 200G.(167108),ออริกาโนป่น เอลเอวิออน 200ก.(167108),BAG,,,188.00,,,,N,0,,,,,,
10050066,ไส้กรอกโกลด์บราทเวิร์สทซอสเซจ เอโร่ 480 ก.(916033),ไส้กรอกโกลด์บราทเวิร์สทซอสเซจ เอโร่ 480 ก.(916033),Pack,,,189.00,,,,I,7,,,,,,
'14030012,TARTAR DRESSINGS BEST FOODS 1 KG. (825315),ทาร์ทาร์เดรสซิ่งเบสท์ฟู้ดส์ 1 กก.(825315),BAG,,,189.00,,,,I,7,,,,,,
'11000033,ปลาตาเดียวไซส์ใหญ่ (2-3 กก./ตัว)/(38571),ปลาตาเดียวไซส์ใหญ่(2-3 กก./ตัว)/(38571),KG,,,189.00,,,,N,0,,,,,,
'17080024,มันกุ้งแม่น้ำแช่แข็ง 500ก.(813839),มันกุ้งแม่น้ำแช่แข็ง 500ก.(813839),BAG,,,189.00,,,,N,0,,,,,,
'15150011,เต้าหู้ยี้แดง ตราฮ๊วงโหว 2.8กก.(39546),เต้าหู้ยี้แดง ตราฮ๊วงโหว 2.8กก.(39546),Can,,,191.00,,,,I,7,,,,,,
15010053,SHRIMP SANCK MANOHRA 1KG.(119144),ข้าวเกรียบกุ้งดิบมโนห์รา 1 กก.(119144),BAG,,,191.00,,,,I,7,,,,,,
'15040003,MAMA GOONG TOM YAM 55 G. (1x30 PCS) (198133),มาม่ารสต้มยำกุ้ง 55ก.(1x30ซอง)/(198133),BOX,,,192.25,,,,I,7,,,,,,
'17080032,กุ้งขาวไว้หางแช่แข็ง 45-55 ตัว/กก.(816722),กุ้งขาวไว้หางแช่แข็ง 45-55 ตัว/กก.(816722),Kg,,,194.25,,,,N,0,,,,,,
'17070003,FROZEN PASSION FRUIT WITH SEED ARO 1KG.(229338),น้ำเสาวรสมีเมล็ดแช่แข็ง เอโร่ 1กก.(229338),KG,,,194.25,,,,I,7,,,,,,
'15090045,น้ำตาลทรายเบเกอรี่ 1กก.ตราลิน1*5/แพ็ค(186049),น้ำตาลทรายเบเกอรี่ 1กก.ตราลิน1*5/แพ็ค(186049),Pack,,,183.75,,,,I,7,,,,,,
'14030019,FILLING BLUEBERRY 21OZ.WILDERNESS(183188),ฟิลลิ่งบลูเบอร์รี่ 21 ออนซ์ ตราไวลด์เดอร์เนส(183188),Can,,,257.25,,,,I,7,,,,,,
'14030001,REAL DAIRY CREAM ANCHOR 400 G. (172778),เรียลแดรี่ครีมวนิลาแองเคอร์ 400ก.(172778),CAN,,,198.50,,,,I,7,,,,,,
'16010020,FROZEN AUTHENTIC HALDIRAM 60G.(1x20PCS)(838152),โรตีโฮมสไตล์พาราธา ฮาดิรัม 60ก.(1x20ชิ้น)/(838152),BAG,,,198.50,,,,I,7,,,,,,
'15080065,WHITE CHOCOLATE TULIP 1 KG. (184089),ไวท์ช็อคโกแล็ตขาวแบบแท่ง ทิวลิป 1 กก.(184089),KG,,,198.50,,,,I,7,,,,,,
'15120052,SAUCE TOMATO ROZA  5500G.(109609),ซอสมะเขือเทศ โรซ่า 5.5 กก.(109609),GAL,,,198.50,,,,I,7,,,,,,
'26010071,JUICE CONCENTRATED-CRANBERRY OCEAN SPRAY 1L.(857270),น้ำผลไม้เข้มข้น-แครนเบอรี่โอเชี่ยนสเปรย์ 1 ลิตร(857270),Btl,,,167.00,,,,I,7,,,,,,
'15010057,WHOLE PEELED TOMATO SIS 2.8KG.(140649),มะเขือเทศปอกผิวตราซีส 2.8 กก.(140649),CAN,,,198.50,,,,I,7,,,,,,
17020013,เอ็นข้อไก่แช่แข็ง 1 กก.ตราดี.เอส.ฟู้ดโปรดักส์(141308),เอ็นข้อไก่แช่แข็ง 1 กก.ตราดี.เอส.ฟู้ดโปรดักส์(141308),Kg,,,225.75,,,,N,0,,,,,,
12010177,ต้นกระเทียม(ใบแบนต้นเล็ก)/323726,ต้นกระเทียม(ใบแบนต้นเล็ก)/323726,Kg,,,177.50,,,,,,,,,,,
15010230,เมล็ดข้าวโพดดิบสำหรับไมโครเวฟกลิ่นเนย 270/272ก.ตราป๊อบซีเคร็ต(184296),เมล็ดข้าวโพดดิบสำหรับไมโครเวฟกลิ่นเนย 270/272ก.ตราป๊อบซีเคร็ต(184296),Box,,,146.00,,,,I,7,,,,,,
'20000008,SODA WATER ONE WAY SINGHA 325 ML.1x24/(160629),โซดาวันเวย์ สิงห์ 325มล.1x24/(160629),TRAY,,,199.50,,,,I,7,,,,,,
'15010031,GULAB JAMUN PANJABI 1KG.(852940),กุหลาบจามุนปันจาบี 1 กก.(852940),CAN,,,199.50,,,,I,7,,,,,,
'14000020,MILK SWEET CONDENSED CANATION 505G.1*6/812394,ครีมเทียมข้นหวานกระป๋อง 505ก.ตราคาเนชั่น 1*6/812394,Pack,,,201.50,,,,I,7,,,,,,
'15090042,NATURAL SUGAR MITR PHOL 500G.(1x12)/(230445),น้ำตาลอ้อยธรรมชาติ(แดง)มิตรผล 500ก.(1x12)/(230445),Pack,,,201.50,,,,I,7,,,,,,
'15130015,PAPRIKA GROUND NGUAN NO.1 350G.(144505),ผงปาปริก้า ตรามือ 350ก.(144505),BTL,,,201.50,,,,N,0,,,,,,
'15010103,CHINESES SAUSAGE PORNVIPA 1KG.(164421),กุนเชียงหมูพรวิภา 1 กก.(164421),KG,,,204.75,,,,I,7,,,,,,
'15120064,สาเกปรุงอาหารเรียวริชุ 1 ล.(121244),สาเกปรุงอาหารเรียวริชุ 1ล.(121244),BTL,,,204.75,,,,I,7,,,,,,
'17030002,น่องติดสะโพกเป็ดเนื้อล้วนแช่แข็ง 1กก.ยี่ห้อเอโร่(204493),น่องติดสะโพกเป็ดเนื้อล้วนแช่แข็ง 1กก.ยี่ห้อเอโร่(204493),BAG,,,206.75,,,,N,0,,,,,,
'15120039,BLACK SOYA SAUCE 700CC.(1x3)/(394251),ซีอิ๊วหวานง่วนเชียง 700ซีซี.(1x3)/(394251),Pack,,,195.25,,,,I,7,,,,,,
'16000007,FROZEN CHICKEN POP 1KG.(853758),ไก่ป๊อปแช่แข็ง 1 กก.(853758),KG,,,209.00,,,,I,7,,,,,,
'17050001,FROZEN SAUSAGE CUMBERLAND 1000G.TGM(832627),ไส้กรอกคัมเบอร์แลนด์แช่แข็ง 1000ก.ยี่ห้อทีจีเอ็ม(832627),Pack,,,209.00,,,,I,7,,,,,,
'17050002,FROZEN SAUSAGE ITALIAN 400G.TGM(832623),ไส้กรอกอิตาเลี่ยนแช่แข็ง 400ก.ยี่ห้อทีจีเอ็ม(832623),Pack,,,209.00,,,,I,7,,,,,,
'15080085,ขนมปังกรอบบัตเตอร์ 1300ก.ตราเอ็มแอนด์เค(834820),ขนมปังกรอบบัตเตอร์ 1300ก.ตราเอ็มแอนด์เค(834820),Tank,,,209.00,,,,I,7,,,,,,
'12010133,GINGER BABY (323661),ขิงอ่อน(323661),KG,,,198.50,,,,N,0,,,,,,
'12000080,ราสเบอรี่นำเข้า 170ก.(866679),ราสเบอรี่นำเข้า 170ก.(866679),Pack,,,209.00,,,,N,0,,,,,,
'17020003,ปีกบนไก่แช่แข็งซีพี 2 กก.(830397),ปีกบนไก่แช่แข็งซีพี 2 กก.(830397),KG,,,176.50,,,,N,0,,,,,,
15070022,CEREAL-MUESLIX ORCHARD BEAUTY 355G.KELLOGGS(197733),ซีเรียล-มูสลิกซ์ ออร์ชาร์ด บิวตี้ 355ก.ตราเคลล็อกส์(197733),Box,,,211.00,,,,I,7,,,,,,
'15000003,NESCAFE CASE 2G.(1*108/ถุง)/(899867),เนสกาแฟซอง 2ก.(1*108/ถุง)/(899867),BAG,,,212.00,,,,I,7,,,,,,
'26010074,JUICE ORANGE MALEE 1L.1*3(693134),น้ำผลไม้-ส้มเขียวหวาน ตรามาลี 1 ลิตร1*3(693134),Pack,,,212.00,,,,I,7,,,,,,
'13000013,JUICE PINEAPPLE MALEE 1L.(757848),น้ำผลไม้-สับปะรดมาลี 1 ลิตร(757848),PACK,,,212.00,,,,I,7,,,,,,
'15010127,ผลไม้กระป๋อง-ลำไยในน้ำเชื่อมเอโร่  565ก.(1x3)/(149155),ผลไม้กระป๋อง-ลำไยในน้ำเชื่อมเอโร่  565ก.(1x3)/(149155),Pack,,,215.25,,,,I,7,,,,,,
15010149,PHULKA ROTI HALDIRAM 900G.(910159),ฟุลกะโรตีอินเดียฮัลดิราม 900ก.1*30/(910159),BAG,,,215.25,,,,I,7,,,,,,
'14030017,วิปปิ้งครีม ยี่ห้อเมจิ 946 มิลลิลิตร(219498),วิปปิ้งครีม ยี่ห้อเมจิ 946 มิลลิลิตร(219498),Box,,,215.25,,,,I,7,,,,,,
'17010001,หมูปิ้งนมสดแช่แข็ง 25ก.(1x40)/(866771),หมูปิ้งนมสดแช่แข็ง 25ก.(1x40)/(866771),PACK,,,215.25,,,,I,7,,,,,,
'15130001,AROMAT FLAVORED  1KG.(1x6)/(119006),อโรมาต คนอร์ 1 กก.(1x6)/(119006),BOX,,,215.25,,,,I,7,,,,,,
'15010013,CASHEW NUT ARO 800G.(176725),เม็ดมะม่วงหิมพานต์ท่อนเอโร่ 800ก.(176725),BAG,,,218.50,,,,N,0,,,,,,
'15010015,CASHEWNUT HALF ARO 800G.(102136),เม็ดมะม่วงหิมพานต์อบซีกเอโร่ 800ก.(102136),BAG,,,218.50,,,,N,0,,,,,,
'15010124,LARGE STRIPED DRIED SHIITAKE 200G. (842191),เห็ดหอมแห้งลายใหญ่ 200ก.(842191),BAG,,,219.50,,,,N,0,,,,,,
10050058,SAUSAGE SMOKED FARMER 480G.ARO(916039) : ,ไส้กรอกสโมคฟาร์มเมอร์ 480ก.ยี่ห้อเอโร่(916039),Pack,,,219.50,,,,I,7,,,,,,
10050068,ไส้กรอกอิตาเลี่ยนโกลด์ 480ก.ตราเอโร่(916037),ไส้กรอกอิตาเลี่ยนโกลด์ 480ก.ตราเอโร่(916037),Pack,,,219.50,,,,I,7,,,,,,
15080113,ซูการ์โคน 1*120/แพ็ค ตรามิสเตอร์โคน(229140),ซูการ์โคน 1*120/แพ็ค ตรามิสเตอร์โคน(229140),Pack,,,219.50,,,,I,7,,,,,,
'15020009,FRUIT MIXED IMPERIAL 1KG.(228406),ผลไม้แช่อิ่มฟรุตแฟนซีอิมพีเรียล 1 กก.(228406),BAG,,,219.50,,,,I,7,,,,,,
'15020010,MIX FRUIT IN SYSRUB IMPERIAL 1KG.(228406),ผลไม้รวมเชื่อมเบเกอร์รี่อิมพีเรียล 1 กก. (228406),KG,,,219.50,,,,I,7,,,,,,
'15010016,CHAMPIGNON MUSHROOM UFC 425G. (1x3)/(142057),เห็ดแชมปิญองน้ำตาลยูเอฟซี 425ก.(1x3)/(142057),Pack,,,208.00,,,,I,7,,,,,,
'15000021,LIPTON TEA YELLOW SIZE 2G.( 1*100/BOX )/(210390),ชาลิปตันเหลืองซอง 2ก.( 1*100)/(210390),BOX,,,225.75,,,,I,7,,,,,,
'15120010,MAGGI SAUCE SIZE 5L.(118835),ซอสปรุงรส แม็กกี้ 5ล.(118835),GAL,,,225.75,,,,I,7,,,,,,
'26010069,JUICE CRANBERRY TIPCO 1L.(1x3)/167690,น้ำผลไม้-แครนเบอร์รี่ทิปโก้ 1 ลิตร(1x3)/167690,PACK,,,224.75,,,,I,7,,,,,,
'16010006,MIX VEGETABLE SPRING ROLL 25G.(1x40)/(118202),ปอเปี๊ยะผัก ลิตเติ้ลเชฟ 25ก.(1x40)/(118202),PACK,,,225.75,,,,I,7,,,,,,
'17080025,หมึกกล้วยหลอดแช่แข็ง 1 กก. (802413),หมึกกล้วยหลอดแช่แข็ง 1 กก. (802413),KG,,,225.75,,,,N,0,,,,,,
13000014,JUICE PINEAPPLE TIPCO 970ML.(1x3)/(438100),น้ำผลไม้-น้ำสับปะรดทิปโก้ 970 มล.(1x3)/(438100),Pack,,,224.75,,,,I,7,,,,,,
'15080027,SNACK-CHOCOLATE MILK IN WAFER KITKAT 17G.(1x24)(42289),ขนมตกแต่ง-ช็อกโกแลตนมสอดไส้เวเฟอร์คิทแคท17ก..(1x24)(42289),PACK,,,230.00,,,,I,7,,,,,,
'14010017,MARGARINE BUTTER ZEST GOLD 2KG.(840669),มาการีน-เนยสดเซสท์โกลด์ 2 กก.(840669),TANK,,,230.00,,,,I,7,,,,,,
'14030018,FILLING CHERRY 21OZ.WILDERNESS(184177),ฟิลลิ่งเชอรี่ 21 ออนซ์ ตราไวลด์เดอร์เนส(184177),Can,,,257.25,,,,I,7,,,,,,
'15070005,CEREAL MNESLI MULTI FRUITS HAHNE 1KG.(156524),ซีเรียล-มูสลี่มัลติฟรุตฮาทเน่1 กก.(156524),BAG,,,236.25,,,,I,7,,,,,,
'15070017,CEREAL MUESLI CHOCO BITS FAMILIA 375G.(129384),ซีเรียล-สวิสช็อกโกบิตส์ ตราแฟมิเลีย 375ก.(129384),BOX,,,236.25,,,,I,7,,,,,,
15010147,PEELED SPLIT MUNG BEAN RAITIP 500G. (1x6)/(22324),ถั่วเขียวเลาะเปลือกไร่ทิพย์ 500ก.(1x6)/(223244),Pack,,,236.25,,,,N,0,,,,,,
'13000031,JUICE CONCENTRATE ORANGE MANDARIN SUNQUICK 1L.(861710),น้ำผลไม้เข้มข้น-ส้มแมนดารินซันควิก 1ล.(861710),BTL,,,236.25,,,,I,7,,,,,,
'13000030,JUICE CONCENTRATE ORANGE SUNGUICK 1L.(112790),น้ำผลไม้เข้มข้น-ส้มซันควิก 1ล.(112790),BTL,,,236.25,,,,I,7,,,,,,
'17080006,หมึกกล้วยบั้งตาสับปะรดแช่แข็ง 1 กก.(227491),หมึกกล้วยบั้งตาสับปะรดแช่แข็ง 1 กก.(227491),KG,,,236.25,,,,N,0,,,,,,
'15010045,PICKED GARLIC PEARL MAE JIN 870G.(154551),กระเทียมโทนดองแม่จินต์ 870ก.(154551),BTL,,,238.25,,,,I,7,,,,,,
15010045,PICKED GARLIC PEARL MAE JIN 870G.(154551),กระเทียมโทนดองแม่จินต์ 870ก.(154551),BTL,,,238.25,,,,I,7,,,,,,
'12000082,เชอร์รี่สดนำเข้า#26 450G.(222192),เชอร์รี่สดนำเข้า#26 450G.(222192),Pack,,,240.50,,,,N,0,,,,,,
'15010170,WHOLE ALMOND SEED ARO 500 G. (184330),อัลมอนด์เม็ดเอโร่ 500ก.(184330),BAG,,,240.50,,,,N,0,,,,,,
'15010087,ALMOND POWDER ARO 500G.(819965),อัลมอนด์ผงเอโร่ 500 กรัม(819965),BAG,,,240.50,,,,I,7,,,,,,
'15010221,ALMOND SLICE 500G.ARO(184333),อัลมอนด์สไลด์ 500ก.ตราเอโร่(184333),BAG,,,246.75,,,,N,0,,,,,,
15080086,WHITE CHIPS TULIP 550G.(185037),ไวท์ชิพท์(ชนิดเม็ดกลาง) ตราทิวลิป 550ก.(185037),Pack,,,247.75,,,,I,7,,,,,,
'12010009,BIRD CHILI (233298),พริกขี้หนูสวนไม่เด็ด(233298),KG,,,345.50,,,,N,0,,,,,,
'15010068,SEEDS PUMPKIN HERITAGE 454G.(184221),เมล็ดฟักทองอบเฮอริเทจ 454ก.(184221),BAG,,,254.00,,,,I,7,,,,,,
'15070001,MUESLI-BERRY GRANOLA FAMILIA 500G.(129359),ซีเรียล-มูสลี่เบอร์รี่กลาโนล่า ตราแฟมิเลีย 500ก.(129359),BAG,,,254.00,,,,I,7,,,,,,
'15010129,LOTUS SEEDS 500G.(835928),เม็ดบัวอบแห้ง 500ก.(835928),BAG,,,257.25,,,,N,0,,,,,,
17080043,เนื้อกุ้งขาวแช่แข็ง 160-194 ตัว/กก.ตราเอโร่(816800),เนื้อกุ้งขาวแช่แข็ง 160-194 ตัว/กก.ตราเอโร่(816800),KG,,,262.50,,,,N,0,,,,,,
17080043,เนื้อกุ้งขาวแช่แข็ง 160-194 ตัว/กก.ตราเอโร่(816800),เนื้อกุ้งขาวแช่แข็ง 160-194 ตัว/กก.ตราเอโร่(816800),BAG,,,262.50,,,,N,0,,,,,,
'15120053,SAUCE WHITE SOYA NO.01 4.5L.(907301),ซีอิ๋วขาว ตราเด็กสมบูรณ์#สูตร14.5ลิตร(907301),GAL,,,264.50,,,,I,7,,,,,,
'15120018,SAUCE THIN SOYHEALTHY BOY 4.5L.(907301),ซีอิ๊วขาว#1 เด็กสมบูรณ์ 4.5 ลิตร(907301),GAL,,,264.50,,,,I,7,,,,,,
'17080018,เนื้ออกปูแช่แข็ง 500ก. (828348),เนื้ออกปูแช่แข็ง 500ก. (828348),BAG,,,252.00,,,,I,7,,,,,,
16010046,FROZEN ROTI SHEET ARO 1*20PCS/PACK(137426),แผ่นแป้งโรตีแช่แข็ง ตราเอโร่ 1*20ชิ้น/แพ็ค(137426),Pack,,,267.75,,,,I,7,,,,,,
'15120031,OYSTER SAUCE KNORR 5KG.(103421),ซอสหอยนางรม คนอร์ 5 กก.(103421),GAL,,,271.00,,,,I,7,,,,,,
'15020013,มะพร้าวฝอยอบแห้งขนาดเล็ก 1 กก.(215032),มะพร้าวฝอยอบแห้งขนาดเล็ก 1 กก.(215032),BAG,,,271.00,,,,I,7,,,,,,
'15010044,PEELED PEANUTS RAITIP 500G.(1x6)/(185825),ถั่วลิสงเลาะเปลือกไร่ทิพย์ 500ก.(1x6)/(185825),Pack,,,273.00,,,,N,0,,,,,,
'15010210,หัวหอมเจียว 1000ก.ตราคุณชาย(130068),หัวหอมเจียว 1000ก.ตราคุณชาย(130068),BAG,,,276.25,,,,I,7,,,,,,
15020014,ลำไยแห้ง 1000ก.ตราเอโร่(208320),ลำไยแห้ง 1000ก.ตราเอโร่(208320),Pack,,,282.50,,,,N,0,,,,,,
'17080014,เนื้อปูแช่แข็ง 500 ก.(828346),เนื้อปูแช่แข็ง 500 ก. (828346),BAG,,,283.50,,,,N,0,,,,,,
'15130063,ROSEMARY LEAF El AVION 500G.(167131),ใบโรสแมรี เอลเอวิออน 500ก.(167131),BAG,,,283.50,,,,N,0,,,,,,
'17080020,กุ้งขาวไว้หาง เอโร่ 90-106 ตัว/กก.(142161),กุ้งขาวไว้หาง เอโร่ 90-106 ตัว/กก.(142161),KG,,,283.50,,,,N,0,,,,,,
'17080036,กุ้งขาวไว้หางแช่แข็ง เอโร่ 90-106 ตัว/กก.(142161),กุ้งขาวไว้หางแช่แข็ง เอโร่ 90-106 ตัว/กก.(142161),Kg,,,283.50,,,,N,0,,,,,,
'15120054,SOY SAUCE KIKKOMAN 1.6L.(124600),ซอสถั่วเหลือง คิคโคแมน 1.6ล.(124600),BTL,,,300.25,,,,I,7,,,,,,
'15080009,POWDER COCOA DUTCH 380/400G.(137874),ผงโกโก้ดัทช์ 380/400ก.(137874),CAN,,,288.75,,,,I,7,,,,,,
17030005,อกเป็ดเนื้อล้วนแช่เเข็ง 1กก.ตราเอโร่(204467),อกเป็ดเนื้อล้วนแช่เเข็ง 1กก.ตราเอโร่(204467),Pack,,,303.50,,,,N,0,,,,,,
'15070008,CEREAL KELLOGG'S CORN FLAKES 1.2G.(860771),ซีเรียล-คอร์นเฟลกส์เคลล็อกส์ 1.2ก.(860771),BAG,,,294.00,,,,I,7,,,,,,
'14020003,CHEESE MASCARPONE TATUA 500G.(848996),มาสคาร์โพนชีสตาตัว 500ก.(848996),PACK,,,298.25,,,,I,7,,,,,,
'17080019,ไข่หมึกกล้วยแช่แข็ง 800ก.(224118),ไข่หมึกกล้วยแช่แข็ง 800ก.(224118),BAG,,,299.25,,,,N,0,,,,,,
'16010004,GOLDEN BAG SHRIMP ARO(1x48)/(179427),ถุงทองไส้กุ้งแช่แข็ง เอโร่ (1x48)/(179427),PACK,,,299.25,,,,I,7,,,,,,
'17080039,ปลาช่อนแดดเดียวแช่เเข็ง 3.-4ตัว/กก.1000ก.(860177),ปลาช่อนแดดเดียวแช่เเข็ง 3.-4ตัว/กก.1000ก.(860177),Kg,,,303.50,,,,I,7,,,,,,
'17080037,ปลาช่อนแดดเดียวแช่เเข็ง 4-5ตัว/กก.(860177),ปลาช่อนแดดเดียวแช่เเข็ง 4-5ตัว/กก.(860177),Kg,,,303.50,,,,N,0,,,,,,
'17070007,RASPBERRY FROZEN  ARO 1KG.(127970),ราสเบอร์รี่แช่แข็ง เอโร่ 1 กก.(127970),KG,,,303.50,,,,N,0,,,,,,
'15120072,ซอสเห็ดทรัฟเฟิลดำ 180ก. ยี่ห้อจูเลียโน่ ทาร์ทูฟี(864324),ซอสเห็ดทรัฟเฟิลดำ 180ก. ยี่ห้อจูเลียโน่ ทาร์ทูฟี(864324),Btl,,,304.50,,,,I,7,,,,,,
22140014,สุราข้าวหอมนิยมไทย 40 ดีกรี 625มล.(1x3)/(894837),สุราข้าวหอมนิยมไทย 40 ดีกรี 625มล.(1x3)/(894837),Pack,,,304.50,,,,I,7,,,,,,
'15120015,SAUCE OYSTER TRA MAE KRUA 4.5 L. (106957),ซอสหอยนางรม ตราแม่ครัว 4.5 ลิตร(106957),GAL,,,305.50,,,,I,7,,,,,,
'22140007,SANG SOM 70 CL. (192995),SANG SOM 70 CL. (192995),Btl,,,309.75,,,,I,7,,,,,,
'15070013,CORNFLAKES CEREAL NESTLE 1.5KG.(180864),ซีเรียล-คอร์นเฟลกส์เนสท์เล่ 1.5 กก.(180864),BAG,,,356.00,,,,I,7,,,,,,
'20000010,SPRITE PLASTIC BTL 1.25 L.1x12/(358930),SPRITE PLASTIC BTL 1.25 L.1x12/(358930),PACK,,,310.75,,,,I,7,,,,,,
'20000003,COKE PLASTIC BTL 1.25 L. (1x12)/(358891),โค้ก(ขวด) 1.25ล.(1x12)/(358891),PACK,,,310.75,,,,I,7,,,,,,
'20000005,ORANGE FANTA PLASTIC BTL 1.25L.(1x12)/(359151),น้ำส้มแฟนต้า(ขวด) 1.25ล.(1x12)/(359151),PACK,,,310.75,,,,I,7,,,,,,
15120017,SAUCE SUKIYAKI PANTAI 830G.(1x3)/(115834),น้ำจิ้มสุกี้กวางตุ้งพันท้าย 830ก.(1x3)/(115834),Pack,,,311.75,,,,I,7,,,,,,
'15010001,ALMOND WHOLE 1 KG. (818285),อัลม่อลเม็ด 1 กก. (818285),KG,,,314.00,,,,N,0,,,,,,
'15080049,GELATIN POWDER MCGARRETT 500G. (830863),ผงเจลาติน แม็กกาแรต 500ก.(830863),BAG,,,320.25,,,,I,7,,,,,,
'15010128,ผลไม้กระป๋อง-ลำไยในน้ำเชื่อมมาลี  565ก. (1x3)/(317980),ผลไม้กระป๋อง-ลำไยในน้ำเชื่อมมาลี  565ก. (1x3)/(317980),Pack,,,321.25,,,,I,7,,,,,,
'15010223,JUICE CAN-LYCEE MALEE 20OZ.(1x3)/303329,ผลไม้กระป๋อง-ลิ้นจี่ในน้ำเชื่อม ตรามาลี 20OZ.(1x3)/303329,Pack,,,321.25,,,,I,7,,,,,,
'15120036,TOMATO PASTE MICA   3.2KG. (140418),ซอสมะเขือเทศเข้มข้น ไมก้า 3.2กก.(140418),TANK,,,325.50,,,,I,7,,,,,,
14000034,น้ำนมถั่วเหลืองยูเอชที(สูตรเจ) 250 มล.ตราไวตามิ้ลค์ 1*36/ลัง(510510),น้ำนมถั่วเหลืองยูเอชที(สูตรเจ) 250 มล.ตราไวตามิ้ลค์ 1*36/ลัง(510510),Case,,,327.50,,,,I,7,,,,,,
'20000009,SPRITE CAN 325 ML.1x24/(358839),SPRITE CAN 325 ML.1x24/(358839),TRAY,,,330.75,,,,I,7,,,,,,
'20000001,COKE CAN 325 ML.(1x24)/(358579),โค้ก(กระป๋อง) 325มล.(1x24)/(358579),TRAY,,,330.75,,,,I,7,,,,,,
'20000002,COKE LIGHT CAN 325 ML.(1x24)/(100512),โค้กไลท์(กระป๋อง) 325มล.(1x24)/(100512),TRAY,,,330.75,,,,I,7,,,,,,
'20000013,COKE ZERO CAN 325 ML.1x24/(100511),โค้กซีโร่(กระป๋อง) 325มล.1x24/(100511),TRAY,,,330.75,,,,I,7,,,,,,
'15090015,HONERY BEE VECHPONG 760CC.(903344),น้ำผึ้งเวชพงศ์ 760 ซีซี (903344),BTL,,,325.50,,,,I,7,,,,,,
'15120002,CHILLI PASTE IN OIL MAE PRANOM 3 KG. (153014),น้ำพริกเผาไทย แม่ประนอม 3กก.(153014),GAL,,,321.25,,,,I,7,,,,,,
'20000004,ORANGE FANTA CAN 325 ML.1x24/(358657),น้ำส้มแฟนต้า(กระป๋อง) 325 มล.1x24/(358657),TRAY,,,330.75,,,,I,7,,,,,,
'15120030,CHILLI SAUCE HEINZ 5KG.(210724),ซอสพริก ไฮน์ 5กก.(210724),GAL,,,334.00,,,,I,7,,,,,,
'15120033,TOMATO SAUCE HEINZ  5KG.(109777),ซอสมะเขือเทศ ไฮน์  5 กก.(109777),GAL,,,334.00,,,,I,7,,,,,,
'17010003,ขาหมูเยรมันยี่ห้อซีพีคุโรบุตะ 700ก./ชิ้น(848903),ขาหมูเยรมันยี่ห้อซีพีคุโรบุตะ 700ก./ชิ้น(848903),PCS,,,335.00,,,,I,7,,,,,,
'15010018,CHERRIES STEM MARASCHINO OLIVIA 737G.(823133),เชอร์รี่ก้านมาราสชิโนโอลิเวีย 737ก.(823133),BTL,,,336.00,,,,I,7,,,,,,
'14020016,CHEESE CREAM ANCHOR 1KG.(142554),ครีมชีสแองคอร์ 1 กก.(142554),KG,,,336.00,,,,N,0,,,,,,
'14010016,MARGARINE BLUEBAND 2KG.(866198),มาการีน-บลูแบนด์เบสฟู้ดส์ 2 กก.(866198),TANK,,,336.00,,,,I,7,,,,,,
'15130041,DAMIGRADE BROWN SAUCE 1KG.(1x6)/(14404),ผงเดมิเกรชบราวซอส คนอร์ 1 กก.(1x6)/(14404),BOX,,,338.00,,,,I,7,,,,,,
'14000018,MILK UHT FOREMOST 180ML.(1x36)/(807744),นมยูเอชทีรสจืดโฟร์โมสต์ 180มล.(1x36)/(807744),CASE,,,345.50,,,,N,0,,,,,,
'15010120,HAZELNUT HERITAGE 500G.(184596),ฮาเซลนัทดิบเฮอริเทจ 500ก.(184596),BAG,,,343.25,,,,N,0,,,,,,
17080041,กุ้งขาวไว้หางแช่แข็ง 90-106 ตัว/กก.ตรา YUMMY TALE(198796),กุ้งขาวไว้หางแช่แข็ง 90-106 ตัว/กก.ตรา YUMMY TALE(198796),BAG,,,345.50,,,,N,0,,,,,,
12000087,BLUEBERRIES 500G./PACK(868200),บลูเบอรี่สด 500ก./แพ็ค(868200),Pack,,,345.50,,,,N,0,,,,,,
'15010199,ไก่หยองสำหรับเบเกอรี่ 1000ก.ยี่ห้อเอโร่(160668),ไก่หยองสำหรับเบเกอรี่ 1000ก.ยี่ห้อเอโร่(160668),BAG,,,351.75,,,,I,7,,,,,,
'16010002,COCTAL SAMOSA HALDIRAM 20 G. (1x70) (829979),ซาโมซ่าค็อกเทล ซาฮาดิรัม 20ก.(1x70)/(829979),PACK,,,351.75,,,,I,7,,,,,,
'16010007,SAMOSA PUNJABI HALDIRAM 20G.(1x20)/(861343),ซาโมซ่าปัญจาบ ฮาดิรัม 20ก.(1x20)/(861343),PACK,,,351.75,,,,I,7,,,,,,
'20000006,SCHWEPPES GINGER ALE CAN 330 ML. (1x24) (146882),SCHWEPPES GINGER ALE CAN 330 ML. (1x24) (146882),TRAY,,,358.00,,,,I,7,,,,,,
'20000007,SCHWEPPES TONIC WATER CAN 330 ML. (1x24) (146879),SCHWEPPES TONIC WATER CAN 330 ML. (1x24) (146879),TRAY,,,358.00,,,,I,7,,,,,,
'17080015,เนื้อหอยเชลล์แช่แข็ง 40-60 ตัว 1 กก. (148055),เนื้อหอยเชลล์แช่แข็ง 40-60 ตัว 1 กก.(148055),KG,,,356.00,,,,N,0,,,,,,
'16010012,ซาโมซ่าผักมุมตัส(1x50)/(853144),ซาโมซ่าผัก มุมตัส(1x50)/(853144),BAG,,,356.00,,,,I,7,,,,,,
'15120001,CHICKEN DIPPING SAUCE 5KG.(24908),น้ำจิ้มไก่ แม่ประนอม 5 กก.(24908),GAL,,,360.25,,,,I,7,,,,,,
'22010011,REGENCY 35 CL. (153761),REGENCY 35 CL. (153761),Btl,,,362.25,,,,I,7,,,,,,
'17080021,กุ้งขาวไว้หางแช่แข็ง เซพแพ็ค 32-38 ตัว/กก.(155650),กุ้งขาวไว้หางแช่แข็ง เซพแพ็ค 32-38 ตัว/กก.(155650),KG,,,362.25,,,,N,0,,,,,,
'15070012,CEREAL MUESLI MULTI FRUITS MCGARRETT1.5KG.(205289),ซีเรียล-มูสลี่มัลติฟรุตแม็กกาแรต 1.5กก.(205289),BAG,,,365.50,,,,I,7,,,,,,
'14020007,MOZZARELLA CHEESE SHREDDED ANCHOR 2KG. (179715),มอสซาเรลล่าชีสชนิดขูดแองเคอร์ 2 กก.(179715),BAG,,,733.00,,,,I,7,,,,,,
15120080,มะเขือเทศปอกเปลือก(วีสุเวียนา) 2.55กก.ตราโฟมมา(199081),มะเขือเทศปอกเปลือก(วีสุเวียนา) 2.55กก.ตราโฟมมา(199081),Can,,,366.50,,,,I,7,,,,,,
'17080023,ปลาเก๋าติดหนังสไลซ์แช่แข็ง 15-25ก./ชิ้น 500ก.(898804),ปลาเก๋าติดหนังสไลซ์แช่แข็ง 15-25ก./ชิ้น 500ก.(898804),PACK,,,367.50,,,,N,0,,,,,,
'15120057,SUSHI SOY SAUCE KIKKOMAN 1.6 L. (169915),ซอสซูชิโชยุ คิคโคแมน 1.6ล.(169915),BTL,,,372.75,,,,I,7,,,,,,
'15010007,BLANCHED SLICED ALMONDS HERITAGE 454 G. (184565),อัลมอนด์ดิบสไลซ์เฮอริเทจ 454ก.(184565),BAG,,,372.75,,,,N,0,,,,,,
15130091,ยี่หร่าป่น 1000ก.ตราเอโร่(165859),ยี่หร่าป่น 1000ก.ตราเอโร่(165859),BAG,,,377.00,,,,N,0,,,,,,
'15130014,OREGANO LEAVES McCORMICK 141G.(184752),ออริกาโน่ แม็คคอร์มิค 141ก.(184752),BTL,,,377.00,,,,I,7,,,,,,
'15010171,YEE RA SEED 1KG.(165858),เม็ดยี่หร่า 1 กก.(165858),BAG,,,380.00,,,,N,0,,,,,,
'15090016,HONEY ARO SIZE 1L.(1x2)(673348),น้ำผึ้งแท้ 100% เอโร่ 1 กก.(1x2)(673348),Pack,,,383.25,,,,N,0,,,,,,
'15010046,PISTACHIO NUT HERITAGE 250G.(201747),ถั่วพิสตาชิโอดิบเฮอริเทจ 250ก.(201747),BAG,,,384.25,,,,N,0,,,,,,
'17020006,NEW ORLEANS CHICKEN MID WING ARO 1KG.(816698),ไก่นิวออร์ลีนส์ปีกกลางแช่แข็ง เอโร่ 1 กก.(816698),KG,,,387.50,,,,I,7,,,,,,
15050031,แป้งสาลี ตราว่าว 1 กก.1x10/(184647),แป้งสาลี ตราว่าว 1 กก.1x10/(184647),Case,,,388.50,,,,I,7,,,,,,
'15010154,RAW WALNUT HERITAGE 454G.(184602),วอลนัทดิบเฮอริเทจ 454ก.(184602),BAG,,,388.50,,,,N,0,,,,,,
'15010097,CHERRIES BROOK MARASCHION 794G.(183432),เชอร์รี่แดงมีก้านบรูคมาราสชิโน 794ก.(183432),BTL,,,498.75,,,,I,7,,,,,,
'17080013,เนื้อปลากะพงสไลซ์แช่แข็ง 20-30 ก. 1 กก.(821269),เนื้อปลากะพงสไลซ์แช่แข็ง 20-30 ก. 1 กก. (821269),KG,,,398.00,,,,N,0,,,,,,
'17080004,เนื้อปลากะพงสไลซ์แช่แข็ง 10-15 ก. 1 กก.(821267),เนื้อปลากะพงสไลซ์แช่แข็ง10-15 ก. 1 กก.(821267),KG,,,398.00,,,,N,0,,,,,,
'15010146,PECAN NUT ARO 500G.(818284),ถั่วพีแคนตราเอโร่ 500ก.(818284),BAG,,,398.00,,,,N,0,,,,,,
'15130025,THYME LEAVE McCORMICK 170 G. (184747),ใบไทม์ แม็คคอร์มิค 170ก.(184747),BTL,,,400.00,,,,I,7,,,,,,
15080083,SNACK-CHOCOLATE KITKAT 17G.(1x48)/59150,ขนมตกแต่ง-ช็อกโกแลต คิทแคท17ก.(1x48)/59150,Box,,,405.25,,,,I,7,,,,,,
'15010074,SESAMI WHITE SEED 500G. RAITIP 1*6/223237,เม็ดงาขาว 500ก.ตราไร่ทิพย์ 1*6/223237,Pack,,,409.50,,,,N,0,,,,,,
'14000033,MILK UHT THAIDENMARK 200 ML.(1x36)/CASE(123498),นมยูเอสทีรสจืด 200 มล.ยี่ห้อไทยเดนมาร์ค 1*36/ลัง(123498),Case,,,399.00,,,,N,0,,,,,,
'15010214,อัลมอนด์แท่ง 500ก.ตราเฮอริเทจ(184564),อัลมอนด์แท่ง 500ก.ตราเฮอริเทจ(184564),BAG,,,409.50,,,,N,0,,,,,,
15080097,ขนมปังปิ๊บ มินิจักรทองไส้แยมสับปะรด 5กก.ตรา M&K(826053),ขนมปังปิ๊บ มินิจักรทองไส้แยมสับปะรด 5กก.ตรา M&K(826053),Tank,,,419.00,,,,I,7,,,,,,
'15010088,ALMOND SLICE ARO 1KG. (818275),อัลมอนด์สไลซ์เอโร่ 1 กก.(818275),BAG,,,419.00,,,,N,0,,,,,,
'14000005,MILK UHT 225ML.(1x36)/(70109),นมรสจืดยูเอสทีโฟร์โมสต์ 225มล.(1x36)/(70109),CASE,,,426.25,,,,N,0,,,,,,
'15130022,ROSEMARY LEAVE MCCORMICK170G.(184920),ใบโรสแมรี่ แม็คคอร์มิก170ก.(184920),BTL,,,429.50,,,,I,7,,,,,,
'22140009,MEKHONG 70 CL.(818024),MEKHONG 70 CL.(818024),Btl,,,445.25,,,,I,7,,,,,,
'15010019,CHERRY IN SYRUP S&W 750G.(184150),เชอร์รี่แดงมีก้านในน้ำเชื่อม S&W 750ก.(184150),BTL,,,446.25,,,,I,7,,,,,,
'15130042,DEMI GLACE GOLD BROWN KNORR 1KG.(181080),ผงปรุงเดมิเกลซบราวน์ซอสโกลด์ คนอร์ 1 กก.(181080),KG,,,448.25,,,,I,7,,,,,,
'15070004,CEREAL KOKO KRUNCH NESTLE 1.5KG.(180842),ซีเรียล-โกโก้ครั้นซ์เนสท์เล่ 1.5 กก.(180842),BAG,,,450.50,,,,I,7,,,,,,
'15130019,PEPER BLACK POWDER 1KG.(169261),พริกไทยดำป่น 1 กก.(169261),KG,,,450.50,,,,N,0,,,,,,
'15010220,อัลมอนด์แท่ง 1000ก.ตราเอโร่(818276),อัลมอนด์แท่ง 1000ก.ตราเอโร่(818276),BAG,,,450.50,,,,N,0,,,,,,
'15010185,อัลมอนด์แท่งมีผิว 1000ก.ตราเอโร่(818277),อัลมอนด์แท่งมีผิว 1000ก.ตราเอโร่(818277),BAG,,,450.50,,,,N,0,,,,,,
'15130016,PAPRIKA MCCORMICK 510G.(184926),ผงปาปริก้า แม็คคอร์มิค 510ก.(184926),BTL,,,452.50,,,,I,7,,,,,,
'15130003,BAY LEAVES MCCORMICK 56G.(184744),ใบเบย์ แม็คคอร์มิค 56ก.(184744),BTL,,,458.75,,,,I,7,,,,,,
'15010132,MACADAMIA NUT ARO 500 G. (818286),ถั่วแมคคาเดเมียเอโร่ 500ก.(818286),BAG,,,461.00,,,,N,0,,,,,,
'15010002,AMUL GHEE 1 L. (852349),เนยใสอมูลกี 1 ลิตร (852349),BTL,,,514.50,,,,I,7,,,,,,
'22130011,PHOENIX COCONUT RUM 70 CL. (132304),PHOENIX COCONUT RUM 70 CL. (132304),Btl,,,487.25,,,,I,7,,,,,,
'15140007,RICE SUPER KERNEL BASMATI ANMOL 5KG.(193633),ข้าวบาสมาติ อันมล 5 กก.(193633),BAG,,,509.25,,,,N,0,,,,,,
'15140008,SELLA BASMATI PA RI 5KG. (826899),ข้าวบาสมาติ นางฟ้า 5 กก.(826899),BAG,,,519.75,,,,I,7,,,,,,
'14000006,MILK UHT PLAIN THAI-DENMARK 250ML.(1x36)/(824817),นมรสจืดยูเอชทีไทยเดนมาร์ค 250มล.(1x36)/(824817),CASE,,,514.50,,,,N,0,,,,,,
'15140001,JASMINE RICE BENJARONG 15KG.(175231),ข้าวหอมมะลิแท้ เบญจรงค์ 15กก.(175231),SACK,,,535.50,,,,N,0,,,,,,
'15010168,WALNUT ARO 1 KG. (818287),วอลนัตเอโร่ 1 กก.(818287),BAG,,,566.00,,,,N,0,,,,,,
'15140004,RICE BASMATI KITCHENKING 5KG.(913352),ข้าวบาสมาติก คิดเช็นคิง 5 กก.(913352),BAG,,,572.25,,,,I,7,,,,,,
21010002,BEER CHANG COLD BREW CAN 490 ML.1x12/(854716),เบียร์ช้างโคลด์บูรว์(กระป๋อง) 490 มล.1x12/(854716),TRAY,,,597.50,,,,I,7,,,,,,
'15120065,อะยิมิรินคิดโคแมน 1.8 ล.(169912),อะยิมิริน คิดโคแมน 1.8ล.(169912),BTL,,,603.75,,,,I,7,,,,,,
'15010133,MACADAMIAS NUT 2 HERITAGE 500 G. (184606),แมคคาเดเมียเม็ดดิบเฮอริเทจ 500ก.(184606),BAG,,,608.00,,,,N,0,,,,,,
'15080084,มันฝรั่งแผ่นหยักเกลือเหลือง เลย์ 11ก.(1x144)/(221581),มันฝรั่งแผ่นหยักเกลือเหลือง เลย์ 11ก.(1x144)/(221581),Case,,,611.00,,,,I,7,,,,,,
'17060004,FROZEN MIX VEGETABLE ARO 1KG.(1x10)/(124406),ผักรวมแช่แข็ง เอโร่ 1 กก.(1x10)/(124406),CASE,,,619.50,,,,N,0,,,,,,
'21010018,BEER CHANG LARGE 620 ML.(1x12)/(190814),เบียร์ช้างคลาสสิค(ขวด)620มล.(1x12)/(190814),Case,,,660.50,,,,I,7,,,,,,
'15010138,MASHED POTATO KNORR 2KG.(827552),มันฝรั่งบดสำเร็จรูปคนอร์ 2 กก.(827552),BOX,,,665.75,,,,I,7,,,,,,
22080005,SMIRNOFF VODKA 70 CL. (107967),SMIRNOFF VODKA 70 CL. (107967),Btl,,,679.25,,,,I,7,,,,,,
'15090064,น้ำตาลทรายขาว1กก.ตราวังขนาย 1*25/กส.(825262),น้ำตาลทรายขาว1กก.ตราวังขนาย 1*25/กส.(825262),Sack,,,682.50,,,,I,7,,,,,,
15090071,น้ำตาลทรายขาว 1 กก.ตราษฎา 1*25/กส.(864210),น้ำตาลทรายขาว 1 กก.ตราษฎา 1*25/กส.(864210),Sack,,,682.50,,,,I,7,,,,,,
'21010007,BEER CHANG COLD BREW BTL 620 ML.1x12/(853030),เบียร์ช้างโคลด์บูรว์(ขวด ) 620 มล.1x12/(853030),CASE,,,708.75,,,,I,7,,,,,,
'15090066,น้ำตาลทรายขาวบริสุทธิ์ 1 กก.ตรามิตรผล 1*25/กส.(230394),น้ำตาลทรายขาวบริสุทธิ์ 1 กก.ตรามิตรผล 1*25/กส.(230394),Sack,,,708.75,,,,I,7,,,,,,
15090070,น้ำตาลทรายขาว 1กก.ตราษฎา 1*25/แพ็ค(864208),น้ำตาลทรายขาว 1กก.ตราษฎา 1*25/แพ็ค(864208),Sack,,,708.75,,,,I,7,,,,,,
15090068,SUGAR WHITE 1KG.LIN 1*25/(825260),น้ำตาลทรายขาว 1กก.ตราลิน 1x25/(825260),Sack,,,708.75,,,,I,7,,,,,,
'17060005,FROZEN SPINACH ARO 1KG.(110001),ใบผักโขมแช่แข็งแบบกลม เอโร่ 1 กก.(110001),Case,,,724.50,,,,N,0,,,,,,
'22150015,JOHNNIE RED LABEL 70 CL. (113126),JOHNNIE RED LABEL 70 CL. (113126),Btl,,,731.75,,,,I,7,,,,,,
'15010010,CAHEWNUTS WHOLE ARO 2KG.(102135),เม็ดมะม่วงหิมพานต์แบบเต็มเม็ดเอโร่ 2 กก.(102135),BAG,,,733.00,,,,N,0,,,,,,
'22150014,JIM BEAM 70 CL. (210498),JIM BEAM 70 CL. (210498),Btl,,,734.00,,,,I,7,,,,,,
'15050016,FLOUR KITE ALL PURPOSE 22.5KG. (184692),แป้งสาลี ตราว่าว 22.5 กก.(184692),SACK,,,750.75,,,,N,0,,,,,,
'15050009,FLOUR BREAD 22.5 KG.(184696),แป้งทำขนมปัง หงษ์ขาว 22.5กก.(184696),SACK,,,756.00,,,,N,0,,,,,,
'15090048,น้ำตาลธรรมชาติ 1กก.ตราวังขนาย 1*25/แพ็ค(825256),น้ำตาลธรรมชาติ 1กก.ตราวังขนาย 1*25/แพ็ค(825256),Sack,,,787.50,,,,I,7,,,,,,
'15120074,ซอสเห็ดทรัฟเฟิลดำเข้มข้น 500ก.ตราแอททีนอ(854810),ซอสเห็ดทรัฟเฟิลดำเข้มข้น 500ก.ตราแอททีนอ(854810),Btl,,,777.00,,,,I,7,,,,,,
'21010001,BEER CHANG CLASSIC CAN 320 ML.(1*24)/(250315),เบียร์ช้างคลาสสิค(กระป๋อง)320มล. (1*24)/(250315),TRAY,,,800.00,,,,I,7,,,,,,
21010012,BEER LEO CAN 320 ML.1x24/(343824),เบียร์ลีโอ(กระป๋อง) 320 มล.1x24/(343824),TRAY,,,800.00,,,,I,7,,,,,,
'21010012,BEER LEO CAN  320 ML.1x24/(343824),เบียร์ลีโอ(กระป๋อง) 320 มล.1x24/(343824),TRAY,,,800.00,,,,I,0,,,,,,
'22120004,BACARDI WHIITE RUM 75 CL. (933478),BACARDI WHIITE RUM 75 CL. (933478),Btl,,,807.50,,,,I,7,,,,,,
'15120026,COCONUT CREAM A-ROI-DEE 1000ML.(1x12)/(156265),น้ำกะทิ อร่อยดี 1000 มล.(1x12)/(156265),CASE,,,808.50,,,,I,7,,,,,,
'22080004,ABSOLUTE VODKA 70 CL. (176697),ABSOLUTE VODKA 70 CL. (176697),Btl,,,818.00,,,,I,7,,,,,,
'15110003,PLAM OIL FOR COOKING YOK 18L.(114571),น้ำมันปาล์ม หยก 18 ลิตร(114571),TANK,,,819.00,,,,I,7,,,,,,
'17060007,ข้าวโพดแช่แข็ง เอโร่ 10 กก.(851336),ข้าวโพดแช่แข็ง เอโร่ 10 กก.(851336),CASE,,,829.50,,,,N,0,,,,,,
'15110005,VEGETABLE OIL 18L.(312130),น้ำมันปาล์ม 18 ลิตร ตรามรกต(312130),TANK,,,829.50,,,,I,7,,,,,,
'26010088,SYRUP CONCENTRATED-CREAM SODA HELBLUEBOY 710 ML.1*12/79365,น้ำหวานเข้มข้น-กลิ่นครีมโซดา ตราเฮลซ์บลูบอย 710 มล.1*12/79365,CASE,,,829.50,,,,I,7,,,,,,
'21010008,BEER CHANG CLASSIC SMALL BTL 320ML.1x24/(330603),เบียร์ช้างคลาสสิค(ขวด ) 320 ML.1x24/(330603),CASE,,,831.50,,,,I,7,,,,,,
'22130008,CAPTAIN MORGAN BLACK 75 CL. (124117),CAPTAIN MORGAN BLACK 75 CL. (124117),Btl,,,836.75,,,,I,7,,,,,,
'21010006,BEER SINGHA CAN 320 ML.(1x24)/(223275),เบียร์สิงห์(กระป๋อง) 320มล.(1x24)/(223275),TRAY,,,860.00,,,,I,7,,,,,,
'21010015,BEER SINGHA SMALL 320 ML.1x24/(190333),เบียร์สิงห์(ขวด) 320 มล.1x24/(190333),CASE,,,874.75,,,,I,7,,,,,,
'22150020,BALLENTINE'S FINEST 1 L. (151196),BALLENTINE'S FINEST 1 L. (151196),Btl,,,891.50,,,,I,7,,,,,,
'14020017,CHEESE CREAM PHILADELPHIA 2 KG. (15093),ครีมชีสฟิลาเดเฟีย 2 กก.(15093),PACK,,,891.50,,,,I,7,,,,,,
'14010023,BUTTER UNSALTED PREMUIUM ALLOWRIE 2KG.(837132),เนยแท้ชนิดจืดอลาวรี่พรีเมี่ยม 2กก.(837132),BAG,,,908.25,,,,I,7,,,,,,
'22100006,GORDON'S DRY GIN 70 CL.(108848),GORDON'S DRY GIN 70 CL.(108848),Btl,,,910.25,,,,I,7,,,,,,
'22130010,MALIBU 70 CL. (151225),MALIBU 70 CL. (151225),Btl,,,960.75,,,,I,7,,,,,,
'15050011,FLOUR CAKE 22.5 KG./ SACK (184671),แป้งเค้กพัดโบก  22.5 KG./กระสอบ(184671),SACK,,,960.75,,,,I,7,,,,,,
'21010019,SAN MIGUEL SMALL CAN 330 ML.(1x24)/TRAY(100986),SAN MIGUEL SMALL CAN 330 ML.(1x24)/TRAY(100986),Tray,,,982.75,,,,I,7,,,,,,
'15050010,FLOUR BUA DAENG 22.5 KG.(184666),แป้งบัวแดง 22.5 กก.(184666),SACK,,,987.00,,,,I,7,,,,,,
'17070010,FROZEN STRAWBERRY ARO 1KG.(1x10)/(137377),สตรอว์เบอร์รีแช่แข็ง เอโร่ 1 กก.(1x10)/(137377),CASE,,,997.50,,,,N,0,,,,,,
'14010025,SALTED COMPOUND BUTTER ALLOWRIE 5 KG./BOX(59644),เนยเค็มคอมพาวด์ 5 กก.ยี่ห้ออลาวรี่(59644),Box,,,1002.75,,,,I,7,,,,,,
'14010009,BUTTER UNSALTED COMPOUND ALLOWRIE 5KG.(65650),เนยจืดอลาวรี่คอมพาวด์บัตเตอร์ 5กก.(65650),BOX,,,1002.75,,,,I,7,,,,,,
'24010004,RED WINE FOR COOKING GOSSIPS 3L.(836004),ไวท์แดงปรุงอาหารกอสซิบ 3ล.(836004),Box,,,1007.00,,,,I,7,,,,,,
'24000002,WHITE WINE FOR COOKING GOSSIPS 3L.(836001),ไวท์ขาวปรุงอาหารกอสซิบ 3ล.(836001),Box,,,1007.00,,,,I,7,,,,,,
'22090004,SIERRA TEQUILA SILVER 70 CL. (166613),SIERRA TEQUILA SILVER 70 CL. (166613),Btl,,,1017.50,,,,I,7,,,,,,
'22150013,JAMESON WHISKY 70 CL. (105149),JAMESON WHISKY 70 CL. (105149),Btl,,,1101.50,,,,I,7,,,,,,
'21010013,SAN MIGUEL SMALL BTL 330 ML.(1x24)/CASE(151202),SAN MIGUEL SMALL BTL 330 ML.(1x24)/CASE(151202),CASE,,,1077.25,,,,I,7,,,,,,
'21010005,BEER HEINEKEN CAN 320 ML.(1x24)(805003),เบียร์ไฮเนเก้น 320มล.(1x24)/(805003),TRAY,,,1108.75,,,,I,7,,,,,,
'21010011,BEER HEINEKEN SMALL BTL 320 ML.1x24/(203866),เบียร์ไฮเนเก้น(ขวด) 320 มล.1x24/(203866),CASE,,,1138.25,,,,I,7,,,,,,
'22000015,MARTINI BIANCO 100 CL. (184495),MARTINI BIANCO 100 CL. (184495),Btl,,,975.50,,,,I,7,,,,,,
'22000013,MARTINI EXTRA DRY 100 CL.(184496),MARTINI EXTRA DRY 100 CL.(184496),Btl,,,975.50,,,,I,7,,,,,,
'22000014,MARTINI ROSSO 100 CL.(184492),MARTINI ROSSO 100 CL.(184492),Btl,,,975.50,,,,I,7,,,,,,
'15010005,BALSAMIC VINEGAR BERTOLLI 3 L.(205919),น้ำส้มสายชูบาลซามิควินิกาเบอร์ทอลลี่ 3ล.(205919),GAL,,,1365.00,,,,I,7,,,,,,
'22050002,KHALUA 70 CL.(64961),KHALUA 70 CL.(64961),Btl,,,1290.50,,,,I,7,,,,,,
'14010007,BUTTER BLEND PROFESSIONALL ORCHID 5KG.(15730),เนยเค็มบัตเตอร์เบลนด์ออร์คิด 5กก.(15730),BOX,,,1291.50,,,,I,7,,,,,,
'22150012,JACK DANIEL'S 70 CL. (184603),JACK DANIEL'S 70 CL. (184603),Btl,,,1311.50,,,,I,7,,,,,,
'22000012,CAMPARI BITTER 75 CL. (158697),CAMPARI BITTER 75 CL. (158697),Btl,,,1354.50,,,,I,7,,,,,,
'22150016,JOHNNIE BLACK LABLE 70 CL. (113087),JOHNNIE BLACK LABLE 70 CL. (113087),Btl,,,1321.00,,,,I,7,,,,,,
'22150019,CHIVAS REGEL 70 CL.(118144),CHIVAS REGEL 70 CL.(118144),Btl,,,1469.00,,,,I,7,,,,,,
'22020027,COINTREAU 70 CL. (156848),COINTREAU 70 CL. (156848),Btl,,,1479.50,,,,I,7,,,,,,
'16010022,FROZEN ROTI SHEET ARO 1*20PCS/PACK(1*6)/(201988),แผ่นแป้งโรตีแช่แข็ง ตราเอโร่ 1*20ชิ้น/แพ็ค(1*6)/(201988),Case,,,1594.00,,,,I,7,,,,,,
'17080029,เนื้อปลานิลแล่แช่แข็ง 85-140ก./ชิ้น นน.1*10กก.(816713),เนื้อปลานิลแล่แช่แข็ง 85-140ก./ชิ้น นน.1*10กก.(816713),Case,,,1732.50,,,,N,0,,,,,,
'17080034,เนื้อปลานิลแล่แช่แข็ง 140-200ก./ชิ้น 1กก.(816715),เนื้อปลานิลแล่แช่แข็ง 140-200ก./ชิ้น 1กก.(816715),Case,,,1837.50,,,,N,0,,,,,,
16010048,ปอเปี๊ยะผัก ตราลิตเติ้ลเชฟ 1*8กก./ลัง(827730),ปอเปี๊ยะผัก ตราลิตเติ้ลเชฟ 1*8กก./ลัง(827730),Case,,,1764.00,,,,I,7,,,,,,
'17070014,มิกซ์เบอรี่แช่แข็ง 1*10/ลัง ตราเอโร่(826025),มิกซ์เบอรี่แช่แข็ง 1*10/ลัง ตราเอโร่(826025),Case,,,1774.50,,,,N,0,,,,,,
17070013,มิกซ์เบอรี่แช่แข็ง 1*10/ลัง ตราเอโร่(826025),มิกซ์เบอรี่แช่แข็ง 1*10/ลัง ตราเอโร่(826025),Case,,,1774.50,,,,N,0,,,,,,
'17070012,FROZEN PASSION FRUIT WITH SEED 1*10KG. ARO(229337),น้ำเสาวรสมีเมล็ดแช่แข็ง1*10กก.ตราเอโร่(229337),Case,,,1837.50,,,,I,7,,,,,,
'10050061,แฮมสไลด์ จามอง เซอราโน(807087),แฮมสไลด์ จามอง เซอราโน(807087),Kg,,,2310.00,,,,I,7,,,,,,
15110010,น้ำมันมะกอกเพียว 100% ขนาด 5 ลิตร ตราซาโบรโซ่(115214),น้ำมันมะกอกเพียว 100% ขนาด 5 ลิตร ตราซาโบรโซ่(115214),Gal,,,2572.50,,,,I,7,,,,,,
'22010013,HENNESSY V.S.O.P 70 CL. (132952),HENNESSY V.S.O.P 70 CL. (132952),Btl,,,3304.25,,,,I,7,,,,,,
15000044,คอฟฟี่เมตครีมเทียม(สูตรออริจินัล) 1000ก.เนสท์เล่/145335,คอฟฟี่เมตครีมเทียม(สูตรออริจินัล) 1000ก.เนสท์เล่/145335,BAG,,,141.75,,,,I,7,,,,,,
15000045,ผงช็อกโกแลตมอลต์ 700มล.โอวัลติน/181519,ผงช็อกโกแลตมอลต์ 700มล.โอวัลติน/181519,BAG,,,131.25,,,,I,7,,,,,,
15080129,มาร์ชแมลโลว์กลิ่นวานิลลา สีขาว-เม็ดใหญ่ 150ก.ตรามาร์ชี่ส์(858067),มาร์ชแมลโลว์กลิ่นวานิลลา สีขาว-เม็ดใหญ่ 150ก.ตรามาร์ชี่ส์(858067),BAG,,,44.00,,,,I,7,,,,,,
15010249,แครนเบอร์รี่ตากแห้ง 1 กก.เอโร่(818279),แครนเบอร์รี่ตากแห้ง 1 กก.เอโร่(818279),Kg,,,299.25,,,,N,0,,,,,,
15030016,PASTA-PENNE RIGATE LAMOLISANA#20 500G.(178183),พาสต้า-เพนเน่ริกาเต้ลาโมลิซาน่า#20 500ก.(178183),BAG,,,73.50,,,,I,7,,,,,,
15080131,ขนมพัฟเค้กไส้ครีมเลมอนคัสตาร์ด ดิวเบอร์รี่ 15ก.1*12/แพ็ค(859865),ขนมพัฟเค้กไส้ครีมเลมอนคัสตาร์ด ดิวเบอร์รี่ 15ก.1*12/แพ็ค(859865),Pack,,,45.25,,,,I,7,,,,,,
15080130,ขนมเค้กใบเตยมะพร้าว ดิวเบอร์รี่ 15ก.1*12/แพ็ค(893832),ขนมเค้กใบเตยมะพร้าว ดิวเบอร์รี่ 15ก.1*12/แพ็ค(893832),Pack,,,45.25,,,,I,7,,,,,,
15010233,เห็ดแชมปิญองในน้ำเกลือ 425ก.ตรากู๊ดดี 1*3/แพ็ค(204913),เห็ดแชมปิญองในน้ำเกลือ 425ก.ตรากู๊ดดี 1*3/แพ็ค(204913),Pack,,,146.00,,,,I,7,,,,,,
17080001,FROZEN SILVER GRUNT FISH 1KG.(909843, เนื้อปลากระพงแสมแช่แข็ง 1 กก.(909843),KG,,,173.25,,,,N,0,,,,,,
15030018,PASTA-FESTAIOLA FETTUCCINE AGNESI 250G.(156250),พาสต้า-เฟสตาโยล่า เฟตตูชินี แอคเนซี่ 250ก.(156250),BAG,,,92.50,,,,I,7,,,,,,
17080001,FROZEN SILVER GRUNT FISH 1KG.(909843),เนื้อปลากระพงแสมแช่แข็ง 1 กก.(909843),KG,,,173.25,,,,N,0,,,,,,
15000025,NESCAFE 620G.(199123),เนสกาแฟ 620G.(199123),BAG,,,356.00,,,,I,7,,,,,,
15010252,ถั่วดำ 500ก.1*6/แพ็ค ตราไร่ทิพย์(223243),ถั่วดำ 500ก.1*6/แพ็ค ตราไร่ทิพย์(223243),Pack,,,241.50,,,,N,0,,,,,,
12000017,LEMON FRUIT,มะนาวแป้น(ผิวสวยๆ),PCS,,,5.15,,,,N,0,,,,,,
15090020,PLAM SUGAR WHITE,น้ำตาลปี๊ปขาว,KG,,,83.00,,,,N,0,,,,,,
17080040,กุ้งขาวแช่แข็งแกะเปลือกไว้หาง 51-60 ตัว/กก.,กุ้งขาวแช่แข็งแกะเปลือกไว้หาง 51-60 ตัว/กก.,KG,,,152.25,,,,N,0,,,,,,
15120021,TAMARIND PASTE 1 KG.,น้ำมะขามเปียกพร้อมปรุง 1 กก.,KG,,,99.75,,,,N,0,,,,,,
